CALENDAR_YEAR,LOCATION_ID,LOCATION,GENDER,EXPERIENCING_HOMELESSNESS_CNT
2017,All,California,Cisgender Man,101121
2017,All,California,Cisgender Woman,78758
2017,All,California,Client doesn't know,1444
2017,All,California,"Culturally Specific, Non-Binary, and/or a Different Identity",152
2017,All,California,Questioning,*
2017,All,California,Transgender,688
2017,All,California,Unknown,*
2017,CA-500,Santa Clara County CoC,Cisgender Man,5945
2017,CA-500,Santa Clara County CoC,Cisgender Woman,3682
2017,CA-500,Santa Clara County CoC,Client doesn't know,*
2017,CA-500,Santa Clara County CoC,"Culturally Specific, Non-Binary, and/or a Different Identity",*
2017,CA-500,Santa Clara County CoC,Transgender,40
2017,CA-501,San Francisco CoC,Cisgender Man,2420
2017,CA-501,San Francisco CoC,Cisgender Woman,1704
2017,CA-501,San Francisco CoC,Client doesn't know,190
2017,CA-501,San Francisco CoC,"Culturally Specific, Non-Binary, and/or a Different Identity",19
2017,CA-501,San Francisco CoC,Transgender,51
2017,CA-502,Alameda County CoC,Cisgender Man,3550
2017,CA-502,Alameda County CoC,Cisgender Woman,3013
2017,CA-502,Alameda County CoC,Client doesn't know,23
2017,CA-502,Alameda County CoC,"Culturally Specific, Non-Binary, and/or a Different Identity",*
2017,CA-502,Alameda County CoC,Questioning,*
2017,CA-502,Alameda County CoC,Transgender,18
2017,CA-503,Sacramento County CoC,Cisgender Man,5839
2017,CA-503,Sacramento County CoC,Cisgender Woman,5261
2017,CA-503,Sacramento County CoC,Client doesn't know,*
2017,CA-503,Sacramento County CoC,"Culturally Specific, Non-Binary, and/or a Different Identity",12
2017,CA-503,Sacramento County CoC,Transgender,30
2017,CA-504,Sonoma County CoC,Cisgender Man,1737
2017,CA-504,Sonoma County CoC,Cisgender Woman,1324
2017,CA-504,Sonoma County CoC,Client doesn't know,*
2017,CA-504,Sonoma County CoC,"Culturally Specific, Non-Binary, and/or a Different Identity",*
2017,CA-504,Sonoma County CoC,Questioning,*
2017,CA-504,Sonoma County CoC,Transgender,17
2017,CA-505,Contra Costa County CoC,Cisgender Man,2783
2017,CA-505,Contra Costa County CoC,Cisgender Woman,2158
2017,CA-505,Contra Costa County CoC,Client doesn't know,*
2017,CA-505,Contra Costa County CoC,"Culturally Specific, Non-Binary, and/or a Different Identity",*
2017,CA-505,Contra Costa County CoC,Transgender,*
2017,CA-506,"Monterey, San Benito Counties CoC",Cisgender Man,550
2017,CA-506,"Monterey, San Benito Counties CoC",Cisgender Woman,643
2017,CA-506,"Monterey, San Benito Counties CoC",Questioning,*
2017,CA-506,"Monterey, San Benito Counties CoC",Transgender,*
2017,CA-507,Marin County CoC,Cisgender Man,956
2017,CA-507,Marin County CoC,Cisgender Woman,665
2017,CA-507,Marin County CoC,Client doesn't know,*
2017,CA-507,Marin County CoC,"Culturally Specific, Non-Binary, and/or a Different Identity",*
2017,CA-507,Marin County CoC,Transgender,*
2017,CA-508,Santa Cruz County CoC,Cisgender Man,1065
2017,CA-508,Santa Cruz County CoC,Cisgender Woman,745
2017,CA-508,Santa Cruz County CoC,Client doesn't know,12
2017,CA-508,Santa Cruz County CoC,"Culturally Specific, Non-Binary, and/or a Different Identity",*
2017,CA-508,Santa Cruz County CoC,Transgender,*
2017,CA-509,Mendocino County CoC,Cisgender Man,467
2017,CA-509,Mendocino County CoC,Cisgender Woman,240
2017,CA-509,Mendocino County CoC,Client doesn't know,*
2017,CA-509,Mendocino County CoC,"Culturally Specific, Non-Binary, and/or a Different Identity",*
2017,CA-509,Mendocino County CoC,Transgender,*
2017,CA-510,Stanislaus County CoC,Cisgender Man,3114
2017,CA-510,Stanislaus County CoC,Cisgender Woman,3073
2017,CA-510,Stanislaus County CoC,"Culturally Specific, Non-Binary, and/or a Different Identity",*
2017,CA-510,Stanislaus County CoC,Transgender,*
2017,CA-511,San Joaquin County CoC,Cisgender Man,4974
2017,CA-511,San Joaquin County CoC,Cisgender Woman,4635
2017,CA-511,San Joaquin County CoC,Transgender,*
2017,CA-512,San Mateo County CoC,Cisgender Man,2351
2017,CA-512,San Mateo County CoC,Cisgender Woman,1827
2017,CA-512,San Mateo County CoC,Client doesn't know,*
2017,CA-512,San Mateo County CoC,"Culturally Specific, Non-Binary, and/or a Different Identity",*
2017,CA-512,San Mateo County CoC,Transgender,*
2017,CA-513,"Kings, Tulare Counties CoC",Cisgender Man,1551
2017,CA-513,"Kings, Tulare Counties CoC",Cisgender Woman,1403
2017,CA-513,"Kings, Tulare Counties CoC","Culturally Specific, Non-Binary, and/or a Different Identity",*
2017,CA-513,"Kings, Tulare Counties CoC",Transgender,*
2017,CA-513,"Kings, Tulare Counties CoC",Unknown,*
2017,CA-514,"Fresno, Madera Counties CoC",Cisgender Man,1176
2017,CA-514,"Fresno, Madera Counties CoC",Cisgender Woman,1008
2017,CA-514,"Fresno, Madera Counties CoC",Client doesn't know,*
2017,CA-514,"Fresno, Madera Counties CoC","Culturally Specific, Non-Binary, and/or a Different Identity",*
2017,CA-514,"Fresno, Madera Counties CoC",Transgender,*
2017,CA-515,Placer County CoC,Cisgender Man,703
2017,CA-515,Placer County CoC,Cisgender Woman,557
2017,CA-515,Placer County CoC,Client doesn't know,*
2017,CA-515,Placer County CoC,"Culturally Specific, Non-Binary, and/or a Different Identity",*
2017,CA-515,Placer County CoC,Transgender,*
2017,CA-516,"Shasta, Siskiyou, Lassen, Plumas, Del Norte, Modoc, Sierra Counties CoC",Cisgender Man,92
2017,CA-516,"Shasta, Siskiyou, Lassen, Plumas, Del Norte, Modoc, Sierra Counties CoC",Cisgender Woman,159
2017,CA-516,"Shasta, Siskiyou, Lassen, Plumas, Del Norte, Modoc, Sierra Counties CoC",Client doesn't know,*
2017,CA-517,Napa County CoC,Cisgender Man,577
2017,CA-517,Napa County CoC,Cisgender Woman,369
2017,CA-517,Napa County CoC,Transgender,*
2017,CA-518,Solano County CoC,Cisgender Man,557
2017,CA-518,Solano County CoC,Cisgender Woman,440
2017,CA-518,Solano County CoC,Client doesn't know,*
2017,CA-518,Solano County CoC,"Culturally Specific, Non-Binary, and/or a Different Identity",*
2017,CA-519,Butte County CoC,Cisgender Man,759
2017,CA-519,Butte County CoC,Cisgender Woman,619
2017,CA-519,Butte County CoC,"Culturally Specific, Non-Binary, and/or a Different Identity",*
2017,CA-519,Butte County CoC,Transgender,*
2017,CA-520,Merced County CoC,Cisgender Man,403
2017,CA-520,Merced County CoC,Cisgender Woman,200
2017,CA-520,Merced County CoC,Transgender,*
2017,CA-521,Yolo County CoC,Cisgender Man,270
2017,CA-521,Yolo County CoC,Cisgender Woman,258
2017,CA-521,Yolo County CoC,"Culturally Specific, Non-Binary, and/or a Different Identity",*
2017,CA-521,Yolo County CoC,Transgender,*
2017,CA-522,Humboldt County CoC,Cisgender Man,524
2017,CA-522,Humboldt County CoC,Cisgender Woman,418
2017,CA-522,Humboldt County CoC,Client doesn't know,*
2017,CA-522,Humboldt County CoC,"Culturally Specific, Non-Binary, and/or a Different Identity",*
2017,CA-522,Humboldt County CoC,Questioning,*
2017,CA-522,Humboldt County CoC,Transgender,*
2017,CA-523,"Colusa, Glenn, Trinity Counties CoC",Cisgender Man,90
2017,CA-523,"Colusa, Glenn, Trinity Counties CoC",Cisgender Woman,108
2017,CA-525,El Dorado County CoC,Cisgender Man,64
2017,CA-525,El Dorado County CoC,Cisgender Woman,66
2017,CA-525,El Dorado County CoC,"Culturally Specific, Non-Binary, and/or a Different Identity",*
2017,CA-525,El Dorado County CoC,Transgender,*
2017,CA-526,"Amador, Calaveras, Mariposa, Tuolumne Counties CoC",Cisgender Man,230
2017,CA-526,"Amador, Calaveras, Mariposa, Tuolumne Counties CoC",Cisgender Woman,298
2017,CA-531,Nevada County CoC,Cisgender Man,290
2017,CA-531,Nevada County CoC,Cisgender Woman,171
2017,CA-531,Nevada County CoC,"Culturally Specific, Non-Binary, and/or a Different Identity",*
2017,CA-600,Los Angeles County CoC,Cisgender Man,31500
2017,CA-600,Los Angeles County CoC,Cisgender Woman,22772
2017,CA-600,Los Angeles County CoC,Client doesn't know,893
2017,CA-600,Los Angeles County CoC,"Culturally Specific, Non-Binary, and/or a Different Identity",45
2017,CA-600,Los Angeles County CoC,Questioning,*
2017,CA-600,Los Angeles County CoC,Transgender,334
2017,CA-601,San Diego County CoC,Cisgender Man,6994
2017,CA-601,San Diego County CoC,Cisgender Woman,4512
2017,CA-601,San Diego County CoC,Client doesn't know,27
2017,CA-601,San Diego County CoC,"Culturally Specific, Non-Binary, and/or a Different Identity",*
2017,CA-601,San Diego County CoC,Transgender,53
2017,CA-602,Orange County CoC,Cisgender Man,5520
2017,CA-602,Orange County CoC,Cisgender Woman,4824
2017,CA-602,Orange County CoC,Client doesn't know,158
2017,CA-602,Orange County CoC,"Culturally Specific, Non-Binary, and/or a Different Identity",*
2017,CA-602,Orange County CoC,Transgender,16
2017,CA-603,Santa Barbara County CoC,Cisgender Man,1676
2017,CA-603,Santa Barbara County CoC,Cisgender Woman,1144
2017,CA-603,Santa Barbara County CoC,Client doesn't know,*
2017,CA-603,Santa Barbara County CoC,"Culturally Specific, Non-Binary, and/or a Different Identity",*
2017,CA-603,Santa Barbara County CoC,Transgender,*
2017,CA-604,Kern County CoC,Cisgender Man,2592
2017,CA-604,Kern County CoC,Cisgender Woman,2024
2017,CA-604,Kern County CoC,"Culturally Specific, Non-Binary, and/or a Different Identity",*
2017,CA-604,Kern County CoC,Transgender,*
2017,CA-606,Long Beach CoC (Los Angeles County),Cisgender Man,1520
2017,CA-606,Long Beach CoC (Los Angeles County),Cisgender Woman,1110
2017,CA-606,Long Beach CoC (Los Angeles County),"Culturally Specific, Non-Binary, and/or a Different Identity",*
2017,CA-606,Long Beach CoC (Los Angeles County),Transgender,*
2017,CA-607,Pasadena CoC (Los Angeles County),Cisgender Man,736
2017,CA-607,Pasadena CoC (Los Angeles County),Cisgender Woman,505
2017,CA-607,Pasadena CoC (Los Angeles County),Client doesn't know,55
2017,CA-607,Pasadena CoC (Los Angeles County),"Culturally Specific, Non-Binary, and/or a Different Identity",*
2017,CA-607,Pasadena CoC (Los Angeles County),Transgender,*
2017,CA-608,Riverside County CoC,Cisgender Man,3831
2017,CA-608,Riverside County CoC,Cisgender Woman,2729
2017,CA-608,Riverside County CoC,Client doesn't know,21
2017,CA-608,Riverside County CoC,"Culturally Specific, Non-Binary, and/or a Different Identity",*
2017,CA-608,Riverside County CoC,Transgender,19
2017,CA-609,San Bernardino County CoC,Cisgender Man,4132
2017,CA-609,San Bernardino County CoC,Cisgender Woman,4157
2017,CA-609,San Bernardino County CoC,Transgender,*
2017,CA-611,Ventura County CoC,Cisgender Man,1089
2017,CA-611,Ventura County CoC,Cisgender Woman,833
2017,CA-611,Ventura County CoC,Client doesn't know,*
2017,CA-611,Ventura County CoC,"Culturally Specific, Non-Binary, and/or a Different Identity",*
2017,CA-611,Ventura County CoC,Questioning,*
2017,CA-611,Ventura County CoC,Transgender,*
2017,CA-612,Glendale CoC (Los Angeles County),Cisgender Man,203
2017,CA-612,Glendale CoC (Los Angeles County),Cisgender Woman,201
2017,CA-612,Glendale CoC (Los Angeles County),Client doesn't know,*
2017,CA-612,Glendale CoC (Los Angeles County),Transgender,*
2017,CA-613,Imperial County CoC,Cisgender Man,395
2017,CA-613,Imperial County CoC,Cisgender Woman,102
2017,CA-614,San Luis Obispo County CoC,Cisgender Man,955
2017,CA-614,San Luis Obispo County CoC,Cisgender Woman,748
2017,CA-614,San Luis Obispo County CoC,"Culturally Specific, Non-Binary, and/or a Different Identity",*
2017,CA-614,San Luis Obispo County CoC,Transgender,*
2018,All,California,Cisgender Man,118603
2018,All,California,Cisgender Woman,91135
2018,All,California,Client doesn't know,1436
2018,All,California,"Culturally Specific, Non-Binary, and/or a Different Identity",225
2018,All,California,Questioning,*
2018,All,California,Transgender,948
2018,CA-500,Santa Clara County CoC,Cisgender Man,5919
2018,CA-500,Santa Clara County CoC,Cisgender Woman,3786
2018,CA-500,Santa Clara County CoC,Client doesn't know,*
2018,CA-500,Santa Clara County CoC,"Culturally Specific, Non-Binary, and/or a Different Identity",17
2018,CA-500,Santa Clara County CoC,Transgender,44
2018,CA-501,San Francisco CoC,Cisgender Man,3021
2018,CA-501,San Francisco CoC,Cisgender Woman,2412
2018,CA-501,San Francisco CoC,Client doesn't know,149
2018,CA-501,San Francisco CoC,"Culturally Specific, Non-Binary, and/or a Different Identity",31
2018,CA-501,San Francisco CoC,Questioning,*
2018,CA-501,San Francisco CoC,Transgender,68
2018,CA-502,Alameda County CoC,Cisgender Man,3576
2018,CA-502,Alameda County CoC,Cisgender Woman,2881
2018,CA-502,Alameda County CoC,Client doesn't know,*
2018,CA-502,Alameda County CoC,"Culturally Specific, Non-Binary, and/or a Different Identity",*
2018,CA-502,Alameda County CoC,Transgender,26
2018,CA-503,Sacramento County CoC,Cisgender Man,5985
2018,CA-503,Sacramento County CoC,Cisgender Woman,5607
2018,CA-503,Sacramento County CoC,Client doesn't know,*
2018,CA-503,Sacramento County CoC,"Culturally Specific, Non-Binary, and/or a Different Identity",13
2018,CA-503,Sacramento County CoC,Transgender,43
2018,CA-504,Sonoma County CoC,Cisgender Man,1800
2018,CA-504,Sonoma County CoC,Cisgender Woman,1397
2018,CA-504,Sonoma County CoC,Client doesn't know,*
2018,CA-504,Sonoma County CoC,"Culturally Specific, Non-Binary, and/or a Different Identity",*
2018,CA-504,Sonoma County CoC,Questioning,*
2018,CA-504,Sonoma County CoC,Transgender,14
2018,CA-505,Contra Costa County CoC,Cisgender Man,3255
2018,CA-505,Contra Costa County CoC,Cisgender Woman,2525
2018,CA-505,Contra Costa County CoC,Client doesn't know,*
2018,CA-505,Contra Costa County CoC,"Culturally Specific, Non-Binary, and/or a Different Identity",*
2018,CA-505,Contra Costa County CoC,Transgender,11
2018,CA-506,"Monterey, San Benito Counties CoC",Cisgender Man,868
2018,CA-506,"Monterey, San Benito Counties CoC",Cisgender Woman,843
2018,CA-506,"Monterey, San Benito Counties CoC",Client doesn't know,*
2018,CA-506,"Monterey, San Benito Counties CoC","Culturally Specific, Non-Binary, and/or a Different Identity",*
2018,CA-506,"Monterey, San Benito Counties CoC",Questioning,*
2018,CA-506,"Monterey, San Benito Counties CoC",Transgender,*
2018,CA-507,Marin County CoC,Cisgender Man,784
2018,CA-507,Marin County CoC,Cisgender Woman,562
2018,CA-507,Marin County CoC,Client doesn't know,*
2018,CA-507,Marin County CoC,Transgender,*
2018,CA-508,Santa Cruz County CoC,Cisgender Man,1098
2018,CA-508,Santa Cruz County CoC,Cisgender Woman,737
2018,CA-508,Santa Cruz County CoC,Client doesn't know,40
2018,CA-508,Santa Cruz County CoC,Transgender,*
2018,CA-509,Mendocino County CoC,Cisgender Man,367
2018,CA-509,Mendocino County CoC,Cisgender Woman,213
2018,CA-509,Mendocino County CoC,Client doesn't know,*
2018,CA-509,Mendocino County CoC,"Culturally Specific, Non-Binary, and/or a Different Identity",*
2018,CA-509,Mendocino County CoC,Transgender,*
2018,CA-510,Stanislaus County CoC,Cisgender Man,3321
2018,CA-510,Stanislaus County CoC,Cisgender Woman,2816
2018,CA-510,Stanislaus County CoC,"Culturally Specific, Non-Binary, and/or a Different Identity",*
2018,CA-510,Stanislaus County CoC,Transgender,*
2018,CA-511,San Joaquin County CoC,Cisgender Man,5636
2018,CA-511,San Joaquin County CoC,Cisgender Woman,5192
2018,CA-511,San Joaquin County CoC,"Culturally Specific, Non-Binary, and/or a Different Identity",*
2018,CA-511,San Joaquin County CoC,Transgender,*
2018,CA-512,San Mateo County CoC,Cisgender Man,2398
2018,CA-512,San Mateo County CoC,Cisgender Woman,1846
2018,CA-512,San Mateo County CoC,"Culturally Specific, Non-Binary, and/or a Different Identity",*
2018,CA-512,San Mateo County CoC,Transgender,11
2018,CA-513,"Kings, Tulare Counties CoC",Cisgender Man,1550
2018,CA-513,"Kings, Tulare Counties CoC",Cisgender Woman,1416
2018,CA-513,"Kings, Tulare Counties CoC","Culturally Specific, Non-Binary, and/or a Different Identity",*
2018,CA-513,"Kings, Tulare Counties CoC",Transgender,*
2018,CA-514,"Fresno, Madera Counties CoC",Cisgender Man,1288
2018,CA-514,"Fresno, Madera Counties CoC",Cisgender Woman,1102
2018,CA-514,"Fresno, Madera Counties CoC",Client doesn't know,14
2018,CA-514,"Fresno, Madera Counties CoC","Culturally Specific, Non-Binary, and/or a Different Identity",*
2018,CA-514,"Fresno, Madera Counties CoC",Questioning,*
2018,CA-514,"Fresno, Madera Counties CoC",Transgender,*
2018,CA-515,Placer County CoC,Cisgender Man,838
2018,CA-515,Placer County CoC,Cisgender Woman,633
2018,CA-515,Placer County CoC,Client doesn't know,*
2018,CA-515,Placer County CoC,"Culturally Specific, Non-Binary, and/or a Different Identity",*
2018,CA-515,Placer County CoC,Transgender,*
2018,CA-516,"Shasta, Siskiyou, Lassen, Plumas, Del Norte, Modoc, Sierra Counties CoC",Cisgender Man,239
2018,CA-516,"Shasta, Siskiyou, Lassen, Plumas, Del Norte, Modoc, Sierra Counties CoC",Cisgender Woman,287
2018,CA-516,"Shasta, Siskiyou, Lassen, Plumas, Del Norte, Modoc, Sierra Counties CoC",Client doesn't know,86
2018,CA-516,"Shasta, Siskiyou, Lassen, Plumas, Del Norte, Modoc, Sierra Counties CoC","Culturally Specific, Non-Binary, and/or a Different Identity",*
2018,CA-517,Napa County CoC,Cisgender Man,575
2018,CA-517,Napa County CoC,Cisgender Woman,355
2018,CA-517,Napa County CoC,Transgender,*
2018,CA-518,Solano County CoC,Cisgender Man,454
2018,CA-518,Solano County CoC,Cisgender Woman,448
2018,CA-518,Solano County CoC,Client doesn't know,*
2018,CA-518,Solano County CoC,Transgender,*
2018,CA-519,Butte County CoC,Cisgender Man,802
2018,CA-519,Butte County CoC,Cisgender Woman,683
2018,CA-519,Butte County CoC,"Culturally Specific, Non-Binary, and/or a Different Identity",*
2018,CA-519,Butte County CoC,Transgender,*
2018,CA-520,Merced County CoC,Cisgender Man,532
2018,CA-520,Merced County CoC,Cisgender Woman,372
2018,CA-520,Merced County CoC,"Culturally Specific, Non-Binary, and/or a Different Identity",*
2018,CA-520,Merced County CoC,Transgender,*
2018,CA-521,Yolo County CoC,Cisgender Man,496
2018,CA-521,Yolo County CoC,Cisgender Woman,470
2018,CA-521,Yolo County CoC,Client doesn't know,*
2018,CA-521,Yolo County CoC,"Culturally Specific, Non-Binary, and/or a Different Identity",*
2018,CA-521,Yolo County CoC,Transgender,*
2018,CA-522,Humboldt County CoC,Cisgender Man,604
2018,CA-522,Humboldt County CoC,Cisgender Woman,426
2018,CA-522,Humboldt County CoC,Client doesn't know,14
2018,CA-522,Humboldt County CoC,"Culturally Specific, Non-Binary, and/or a Different Identity",12
2018,CA-522,Humboldt County CoC,Questioning,*
2018,CA-522,Humboldt County CoC,Transgender,*
2018,CA-523,"Colusa, Glenn, Trinity Counties CoC",Cisgender Man,148
2018,CA-523,"Colusa, Glenn, Trinity Counties CoC",Cisgender Woman,201
2018,CA-523,"Colusa, Glenn, Trinity Counties CoC",Client doesn't know,*
2018,CA-524,"Yuba, Sutter Counties CoC",Cisgender Man,*
2018,CA-524,"Yuba, Sutter Counties CoC",Cisgender Woman,*
2018,CA-525,El Dorado County CoC,Cisgender Man,112
2018,CA-525,El Dorado County CoC,Cisgender Woman,128
2018,CA-525,El Dorado County CoC,Client doesn't know,*
2018,CA-525,El Dorado County CoC,"Culturally Specific, Non-Binary, and/or a Different Identity",*
2018,CA-525,El Dorado County CoC,Transgender,*
2018,CA-526,"Amador, Calaveras, Mariposa, Tuolumne Counties CoC",Cisgender Man,314
2018,CA-526,"Amador, Calaveras, Mariposa, Tuolumne Counties CoC",Cisgender Woman,380
2018,CA-526,"Amador, Calaveras, Mariposa, Tuolumne Counties CoC",Transgender,*
2018,CA-530,"Alpine, Inyo, Mono Counties CoC",Cisgender Man,*
2018,CA-531,Nevada County CoC,Cisgender Man,347
2018,CA-531,Nevada County CoC,Cisgender Woman,196
2018,CA-531,Nevada County CoC,"Culturally Specific, Non-Binary, and/or a Different Identity",*
2018,CA-531,Nevada County CoC,Transgender,*
2018,CA-600,Los Angeles County CoC,Cisgender Man,42572
2018,CA-600,Los Angeles County CoC,Cisgender Woman,30667
2018,CA-600,Los Angeles County CoC,Client doesn't know,749
2018,CA-600,Los Angeles County CoC,"Culturally Specific, Non-Binary, and/or a Different Identity",71
2018,CA-600,Los Angeles County CoC,Questioning,*
2018,CA-600,Los Angeles County CoC,Transgender,513
2018,CA-601,San Diego County CoC,Cisgender Man,9192
2018,CA-601,San Diego County CoC,Cisgender Woman,5823
2018,CA-601,San Diego County CoC,Client doesn't know,137
2018,CA-601,San Diego County CoC,"Culturally Specific, Non-Binary, and/or a Different Identity",17
2018,CA-601,San Diego County CoC,Transgender,59
2018,CA-602,Orange County CoC,Cisgender Man,6746
2018,CA-602,Orange County CoC,Cisgender Woman,5267
2018,CA-602,Orange County CoC,Client doesn't know,36
2018,CA-602,Orange County CoC,"Culturally Specific, Non-Binary, and/or a Different Identity",*
2018,CA-602,Orange County CoC,Transgender,22
2018,CA-603,Santa Barbara County CoC,Cisgender Man,1572
2018,CA-603,Santa Barbara County CoC,Cisgender Woman,978
2018,CA-603,Santa Barbara County CoC,Client doesn't know,116
2018,CA-603,Santa Barbara County CoC,"Culturally Specific, Non-Binary, and/or a Different Identity",*
2018,CA-603,Santa Barbara County CoC,Transgender,*
2018,CA-604,Kern County CoC,Cisgender Man,2716
2018,CA-604,Kern County CoC,Cisgender Woman,2111
2018,CA-604,Kern County CoC,Client doesn't know,*
2018,CA-604,Kern County CoC,"Culturally Specific, Non-Binary, and/or a Different Identity",*
2018,CA-604,Kern County CoC,Transgender,*
2018,CA-606,Long Beach CoC (Los Angeles County),Cisgender Man,1500
2018,CA-606,Long Beach CoC (Los Angeles County),Cisgender Woman,1058
2018,CA-606,Long Beach CoC (Los Angeles County),"Culturally Specific, Non-Binary, and/or a Different Identity",*
2018,CA-606,Long Beach CoC (Los Angeles County),Transgender,*
2018,CA-607,Pasadena CoC (Los Angeles County),Cisgender Man,959
2018,CA-607,Pasadena CoC (Los Angeles County),Cisgender Woman,603
2018,CA-607,Pasadena CoC (Los Angeles County),Client doesn't know,*
2018,CA-607,Pasadena CoC (Los Angeles County),"Culturally Specific, Non-Binary, and/or a Different Identity",*
2018,CA-607,Pasadena CoC (Los Angeles County),Transgender,15
2018,CA-608,Riverside County CoC,Cisgender Man,4043
2018,CA-608,Riverside County CoC,Cisgender Woman,3064
2018,CA-608,Riverside County CoC,Client doesn't know,24
2018,CA-608,Riverside County CoC,"Culturally Specific, Non-Binary, and/or a Different Identity",*
2018,CA-608,Riverside County CoC,Transgender,26
2018,CA-609,San Bernardino County CoC,Cisgender Man,3682
2018,CA-609,San Bernardino County CoC,Cisgender Woman,3722
2018,CA-609,San Bernardino County CoC,Transgender,*
2018,CA-611,Ventura County CoC,Cisgender Man,913
2018,CA-611,Ventura County CoC,Cisgender Woman,814
2018,CA-611,Ventura County CoC,Client doesn't know,*
2018,CA-611,Ventura County CoC,"Culturally Specific, Non-Binary, and/or a Different Identity",*
2018,CA-611,Ventura County CoC,Transgender,*
2018,CA-612,Glendale CoC (Los Angeles County),Cisgender Man,230
2018,CA-612,Glendale CoC (Los Angeles County),Cisgender Woman,261
2018,CA-612,Glendale CoC (Los Angeles County),Client doesn't know,*
2018,CA-612,Glendale CoC (Los Angeles County),"Culturally Specific, Non-Binary, and/or a Different Identity",*
2018,CA-612,Glendale CoC (Los Angeles County),Transgender,*
2018,CA-613,Imperial County CoC,Cisgender Man,553
2018,CA-613,Imperial County CoC,Cisgender Woman,308
2018,CA-613,Imperial County CoC,Transgender,*
2018,CA-614,San Luis Obispo County CoC,Cisgender Man,968
2018,CA-614,San Luis Obispo County CoC,Cisgender Woman,830
2018,CA-614,San Luis Obispo County CoC,"Culturally Specific, Non-Binary, and/or a Different Identity",*
2018,CA-614,San Luis Obispo County CoC,Transgender,*
2019,All,California,Cisgender Man,133972
2019,All,California,Cisgender Woman,100331
2019,All,California,Client doesn't know,1418
2019,All,California,"Culturally Specific, Non-Binary, and/or a Different Identity",332
2019,All,California,Questioning,*
2019,All,California,Transgender,1085
2019,CA-500,Santa Clara County CoC,Cisgender Man,6460
2019,CA-500,Santa Clara County CoC,Cisgender Woman,4095
2019,CA-500,Santa Clara County CoC,Client doesn't know,*
2019,CA-500,Santa Clara County CoC,"Culturally Specific, Non-Binary, and/or a Different Identity",17
2019,CA-500,Santa Clara County CoC,Transgender,59
2019,CA-501,San Francisco CoC,Cisgender Man,4429
2019,CA-501,San Francisco CoC,Cisgender Woman,3379
2019,CA-501,San Francisco CoC,Client doesn't know,92
2019,CA-501,San Francisco CoC,"Culturally Specific, Non-Binary, and/or a Different Identity",47
2019,CA-501,San Francisco CoC,Questioning,*
2019,CA-501,San Francisco CoC,Transgender,98
2019,CA-502,Alameda County CoC,Cisgender Man,4250
2019,CA-502,Alameda County CoC,Cisgender Woman,3249
2019,CA-502,Alameda County CoC,Client doesn't know,*
2019,CA-502,Alameda County CoC,"Culturally Specific, Non-Binary, and/or a Different Identity",12
2019,CA-502,Alameda County CoC,Questioning,*
2019,CA-502,Alameda County CoC,Transgender,38
2019,CA-503,Sacramento County CoC,Cisgender Man,5894
2019,CA-503,Sacramento County CoC,Cisgender Woman,5515
2019,CA-503,Sacramento County CoC,Client doesn't know,16
2019,CA-503,Sacramento County CoC,"Culturally Specific, Non-Binary, and/or a Different Identity",29
2019,CA-503,Sacramento County CoC,Transgender,44
2019,CA-504,Sonoma County CoC,Cisgender Man,2068
2019,CA-504,Sonoma County CoC,Cisgender Woman,1657
2019,CA-504,Sonoma County CoC,Client doesn't know,12
2019,CA-504,Sonoma County CoC,"Culturally Specific, Non-Binary, and/or a Different Identity",*
2019,CA-504,Sonoma County CoC,Transgender,19
2019,CA-505,Contra Costa County CoC,Cisgender Man,3541
2019,CA-505,Contra Costa County CoC,Cisgender Woman,2549
2019,CA-505,Contra Costa County CoC,Client doesn't know,15
2019,CA-505,Contra Costa County CoC,"Culturally Specific, Non-Binary, and/or a Different Identity",*
2019,CA-505,Contra Costa County CoC,Transgender,13
2019,CA-506,"Monterey, San Benito Counties CoC",Cisgender Man,886
2019,CA-506,"Monterey, San Benito Counties CoC",Cisgender Woman,869
2019,CA-506,"Monterey, San Benito Counties CoC","Culturally Specific, Non-Binary, and/or a Different Identity",*
2019,CA-506,"Monterey, San Benito Counties CoC",Transgender,*
2019,CA-507,Marin County CoC,Cisgender Man,704
2019,CA-507,Marin County CoC,Cisgender Woman,555
2019,CA-507,Marin County CoC,Client doesn't know,*
2019,CA-507,Marin County CoC,Transgender,*
2019,CA-508,Santa Cruz County CoC,Cisgender Man,1307
2019,CA-508,Santa Cruz County CoC,Cisgender Woman,858
2019,CA-508,Santa Cruz County CoC,Client doesn't know,47
2019,CA-508,Santa Cruz County CoC,"Culturally Specific, Non-Binary, and/or a Different Identity",*
2019,CA-508,Santa Cruz County CoC,Transgender,*
2019,CA-509,Mendocino County CoC,Cisgender Man,393
2019,CA-509,Mendocino County CoC,Cisgender Woman,315
2019,CA-509,Mendocino County CoC,Client doesn't know,19
2019,CA-509,Mendocino County CoC,"Culturally Specific, Non-Binary, and/or a Different Identity",*
2019,CA-509,Mendocino County CoC,Transgender,*
2019,CA-510,Stanislaus County CoC,Cisgender Man,3400
2019,CA-510,Stanislaus County CoC,Cisgender Woman,2822
2019,CA-510,Stanislaus County CoC,"Culturally Specific, Non-Binary, and/or a Different Identity",*
2019,CA-510,Stanislaus County CoC,Transgender,*
2019,CA-511,San Joaquin County CoC,Cisgender Man,5788
2019,CA-511,San Joaquin County CoC,Cisgender Woman,5221
2019,CA-511,San Joaquin County CoC,Client doesn't know,*
2019,CA-511,San Joaquin County CoC,"Culturally Specific, Non-Binary, and/or a Different Identity",*
2019,CA-511,San Joaquin County CoC,Transgender,*
2019,CA-512,San Mateo County CoC,Cisgender Man,2517
2019,CA-512,San Mateo County CoC,Cisgender Woman,1814
2019,CA-512,San Mateo County CoC,"Culturally Specific, Non-Binary, and/or a Different Identity",*
2019,CA-512,San Mateo County CoC,Transgender,11
2019,CA-513,"Kings, Tulare Counties CoC",Cisgender Man,1690
2019,CA-513,"Kings, Tulare Counties CoC",Cisgender Woman,1749
2019,CA-513,"Kings, Tulare Counties CoC",Client doesn't know,*
2019,CA-513,"Kings, Tulare Counties CoC","Culturally Specific, Non-Binary, and/or a Different Identity",*
2019,CA-513,"Kings, Tulare Counties CoC",Transgender,*
2019,CA-514,"Fresno, Madera Counties CoC",Cisgender Man,1415
2019,CA-514,"Fresno, Madera Counties CoC",Cisgender Woman,1208
2019,CA-514,"Fresno, Madera Counties CoC",Client doesn't know,*
2019,CA-514,"Fresno, Madera Counties CoC","Culturally Specific, Non-Binary, and/or a Different Identity",*
2019,CA-514,"Fresno, Madera Counties CoC",Questioning,*
2019,CA-514,"Fresno, Madera Counties CoC",Transgender,16
2019,CA-515,Placer County CoC,Cisgender Man,920
2019,CA-515,Placer County CoC,Cisgender Woman,744
2019,CA-515,Placer County CoC,Client doesn't know,*
2019,CA-515,Placer County CoC,"Culturally Specific, Non-Binary, and/or a Different Identity",*
2019,CA-515,Placer County CoC,Transgender,*
2019,CA-516,"Shasta, Siskiyou, Lassen, Plumas, Del Norte, Modoc, Sierra Counties CoC",Cisgender Man,325
2019,CA-516,"Shasta, Siskiyou, Lassen, Plumas, Del Norte, Modoc, Sierra Counties CoC",Cisgender Woman,368
2019,CA-516,"Shasta, Siskiyou, Lassen, Plumas, Del Norte, Modoc, Sierra Counties CoC",Client doesn't know,162
2019,CA-517,Napa County CoC,Cisgender Man,554
2019,CA-517,Napa County CoC,Cisgender Woman,374
2019,CA-517,Napa County CoC,"Culturally Specific, Non-Binary, and/or a Different Identity",*
2019,CA-517,Napa County CoC,Transgender,*
2019,CA-518,Solano County CoC,Cisgender Man,587
2019,CA-518,Solano County CoC,Cisgender Woman,574
2019,CA-518,Solano County CoC,Client doesn't know,*
2019,CA-518,Solano County CoC,Transgender,*
2019,CA-519,Butte County CoC,Cisgender Man,987
2019,CA-519,Butte County CoC,Cisgender Woman,759
2019,CA-519,Butte County CoC,"Culturally Specific, Non-Binary, and/or a Different Identity",*
2019,CA-519,Butte County CoC,Transgender,*
2019,CA-520,Merced County CoC,Cisgender Man,1520
2019,CA-520,Merced County CoC,Cisgender Woman,1592
2019,CA-520,Merced County CoC,"Culturally Specific, Non-Binary, and/or a Different Identity",*
2019,CA-520,Merced County CoC,Transgender,*
2019,CA-521,Yolo County CoC,Cisgender Man,609
2019,CA-521,Yolo County CoC,Cisgender Woman,590
2019,CA-521,Yolo County CoC,Client doesn't know,*
2019,CA-521,Yolo County CoC,"Culturally Specific, Non-Binary, and/or a Different Identity",*
2019,CA-521,Yolo County CoC,Transgender,*
2019,CA-522,Humboldt County CoC,Cisgender Man,893
2019,CA-522,Humboldt County CoC,Cisgender Woman,555
2019,CA-522,Humboldt County CoC,Client doesn't know,143
2019,CA-522,Humboldt County CoC,"Culturally Specific, Non-Binary, and/or a Different Identity",*
2019,CA-522,Humboldt County CoC,Questioning,*
2019,CA-522,Humboldt County CoC,Transgender,13
2019,CA-523,"Colusa, Glenn, Trinity Counties CoC",Cisgender Man,168
2019,CA-523,"Colusa, Glenn, Trinity Counties CoC",Cisgender Woman,215
2019,CA-523,"Colusa, Glenn, Trinity Counties CoC",Client doesn't know,*
2019,CA-523,"Colusa, Glenn, Trinity Counties CoC","Culturally Specific, Non-Binary, and/or a Different Identity",*
2019,CA-524,"Yuba, Sutter Counties CoC",Cisgender Man,12
2019,CA-524,"Yuba, Sutter Counties CoC",Cisgender Woman,13
2019,CA-525,El Dorado County CoC,Cisgender Man,113
2019,CA-525,El Dorado County CoC,Cisgender Woman,103
2019,CA-525,El Dorado County CoC,"Culturally Specific, Non-Binary, and/or a Different Identity",*
2019,CA-525,El Dorado County CoC,Transgender,*
2019,CA-526,"Amador, Calaveras, Mariposa, Tuolumne Counties CoC",Cisgender Man,296
2019,CA-526,"Amador, Calaveras, Mariposa, Tuolumne Counties CoC",Cisgender Woman,364
2019,CA-526,"Amador, Calaveras, Mariposa, Tuolumne Counties CoC",Transgender,*
2019,CA-531,Nevada County CoC,Cisgender Man,393
2019,CA-531,Nevada County CoC,Cisgender Woman,216
2019,CA-531,Nevada County CoC,Client doesn't know,*
2019,CA-531,Nevada County CoC,"Culturally Specific, Non-Binary, and/or a Different Identity",*
2019,CA-531,Nevada County CoC,Transgender,*
2019,CA-600,Los Angeles County CoC,Cisgender Man,50000
2019,CA-600,Los Angeles County CoC,Cisgender Woman,34353
2019,CA-600,Los Angeles County CoC,Client doesn't know,665
2019,CA-600,Los Angeles County CoC,"Culturally Specific, Non-Binary, and/or a Different Identity",106
2019,CA-600,Los Angeles County CoC,Transgender,551
2019,CA-601,San Diego County CoC,Cisgender Man,10039
2019,CA-601,San Diego County CoC,Cisgender Woman,5933
2019,CA-601,San Diego County CoC,Client doesn't know,141
2019,CA-601,San Diego County CoC,"Culturally Specific, Non-Binary, and/or a Different Identity",23
2019,CA-601,San Diego County CoC,Transgender,67
2019,CA-602,Orange County CoC,Cisgender Man,7175
2019,CA-602,Orange County CoC,Cisgender Woman,5215
2019,CA-602,Orange County CoC,Client doesn't know,14
2019,CA-602,Orange County CoC,"Culturally Specific, Non-Binary, and/or a Different Identity",*
2019,CA-602,Orange County CoC,Transgender,34
2019,CA-603,Santa Barbara County CoC,Cisgender Man,1687
2019,CA-603,Santa Barbara County CoC,Cisgender Woman,1089
2019,CA-603,Santa Barbara County CoC,Client doesn't know,*
2019,CA-603,Santa Barbara County CoC,"Culturally Specific, Non-Binary, and/or a Different Identity",*
2019,CA-603,Santa Barbara County CoC,Transgender,*
2019,CA-604,Kern County CoC,Cisgender Man,2781
2019,CA-604,Kern County CoC,Cisgender Woman,2345
2019,CA-604,Kern County CoC,"Culturally Specific, Non-Binary, and/or a Different Identity",*
2019,CA-604,Kern County CoC,Transgender,*
2019,CA-606,Long Beach CoC (Los Angeles County),Cisgender Man,1874
2019,CA-606,Long Beach CoC (Los Angeles County),Cisgender Woman,1200
2019,CA-606,Long Beach CoC (Los Angeles County),Client doesn't know,*
2019,CA-606,Long Beach CoC (Los Angeles County),"Culturally Specific, Non-Binary, and/or a Different Identity",*
2019,CA-606,Long Beach CoC (Los Angeles County),Transgender,*
2019,CA-607,Pasadena CoC (Los Angeles County),Cisgender Man,955
2019,CA-607,Pasadena CoC (Los Angeles County),Cisgender Woman,605
2019,CA-607,Pasadena CoC (Los Angeles County),Client doesn't know,*
2019,CA-607,Pasadena CoC (Los Angeles County),"Culturally Specific, Non-Binary, and/or a Different Identity",*
2019,CA-607,Pasadena CoC (Los Angeles County),Transgender,14
2019,CA-608,Riverside County CoC,Cisgender Man,4360
2019,CA-608,Riverside County CoC,Cisgender Woman,3560
2019,CA-608,Riverside County CoC,Client doesn't know,*
2019,CA-608,Riverside County CoC,"Culturally Specific, Non-Binary, and/or a Different Identity",*
2019,CA-608,Riverside County CoC,Transgender,23
2019,CA-609,San Bernardino County CoC,Cisgender Man,3832
2019,CA-609,San Bernardino County CoC,Cisgender Woman,3847
2019,CA-609,San Bernardino County CoC,"Culturally Specific, Non-Binary, and/or a Different Identity",*
2019,CA-609,San Bernardino County CoC,Questioning,*
2019,CA-609,San Bernardino County CoC,Transgender,*
2019,CA-611,Ventura County CoC,Cisgender Man,1088
2019,CA-611,Ventura County CoC,Cisgender Woman,941
2019,CA-611,Ventura County CoC,Client doesn't know,*
2019,CA-611,Ventura County CoC,"Culturally Specific, Non-Binary, and/or a Different Identity",*
2019,CA-611,Ventura County CoC,Transgender,*
2019,CA-612,Glendale CoC (Los Angeles County),Cisgender Man,202
2019,CA-612,Glendale CoC (Los Angeles County),Cisgender Woman,262
2019,CA-612,Glendale CoC (Los Angeles County),"Culturally Specific, Non-Binary, and/or a Different Identity",*
2019,CA-612,Glendale CoC (Los Angeles County),Transgender,*
2019,CA-613,Imperial County CoC,Cisgender Man,543
2019,CA-613,Imperial County CoC,Cisgender Woman,273
2019,CA-613,Imperial County CoC,Client doesn't know,*
2019,CA-614,San Luis Obispo County CoC,Cisgender Man,1150
2019,CA-614,San Luis Obispo County CoC,Cisgender Woman,886
2019,CA-614,San Luis Obispo County CoC,Client doesn't know,*
2019,CA-614,San Luis Obispo County CoC,"Culturally Specific, Non-Binary, and/or a Different Identity",*
2019,CA-614,San Luis Obispo County CoC,Transgender,*
2020,All,California,Cisgender Man,143996
2020,All,California,Cisgender Woman,103910
2020,All,California,Client doesn't know,2021
2020,All,California,"Culturally Specific, Non-Binary, and/or a Different Identity",425
2020,All,California,Questioning,11
2020,All,California,Transgender,1252
2020,All,California,Unknown,*
2020,CA-500,Santa Clara County CoC,Cisgender Man,6899
2020,CA-500,Santa Clara County CoC,Cisgender Woman,4631
2020,CA-500,Santa Clara County CoC,Client doesn't know,42
2020,CA-500,Santa Clara County CoC,"Culturally Specific, Non-Binary, and/or a Different Identity",26
2020,CA-500,Santa Clara County CoC,Transgender,53
2020,CA-501,San Francisco CoC,Cisgender Man,6826
2020,CA-501,San Francisco CoC,Cisgender Woman,4412
2020,CA-501,San Francisco CoC,Client doesn't know,111
2020,CA-501,San Francisco CoC,"Culturally Specific, Non-Binary, and/or a Different Identity",68
2020,CA-501,San Francisco CoC,Transgender,158
2020,CA-502,Alameda County CoC,Cisgender Man,5400
2020,CA-502,Alameda County CoC,Cisgender Woman,3659
2020,CA-502,Alameda County CoC,Client doesn't know,*
2020,CA-502,Alameda County CoC,"Culturally Specific, Non-Binary, and/or a Different Identity",21
2020,CA-502,Alameda County CoC,Questioning,*
2020,CA-502,Alameda County CoC,Transgender,38
2020,CA-503,Sacramento County CoC,Cisgender Man,5344
2020,CA-503,Sacramento County CoC,Cisgender Woman,4712
2020,CA-503,Sacramento County CoC,Client doesn't know,77
2020,CA-503,Sacramento County CoC,"Culturally Specific, Non-Binary, and/or a Different Identity",33
2020,CA-503,Sacramento County CoC,Questioning,*
2020,CA-503,Sacramento County CoC,Transgender,50
2020,CA-504,Sonoma County CoC,Cisgender Man,2147
2020,CA-504,Sonoma County CoC,Cisgender Woman,1560
2020,CA-504,Sonoma County CoC,Client doesn't know,18
2020,CA-504,Sonoma County CoC,"Culturally Specific, Non-Binary, and/or a Different Identity",*
2020,CA-504,Sonoma County CoC,Questioning,*
2020,CA-504,Sonoma County CoC,Transgender,18
2020,CA-505,Contra Costa County CoC,Cisgender Man,3570
2020,CA-505,Contra Costa County CoC,Cisgender Woman,2728
2020,CA-505,Contra Costa County CoC,Client doesn't know,24
2020,CA-505,Contra Costa County CoC,"Culturally Specific, Non-Binary, and/or a Different Identity",*
2020,CA-505,Contra Costa County CoC,Transgender,16
2020,CA-506,"Monterey, San Benito Counties CoC",Cisgender Man,1062
2020,CA-506,"Monterey, San Benito Counties CoC",Cisgender Woman,1012
2020,CA-506,"Monterey, San Benito Counties CoC",Client doesn't know,*
2020,CA-506,"Monterey, San Benito Counties CoC","Culturally Specific, Non-Binary, and/or a Different Identity",*
2020,CA-506,"Monterey, San Benito Counties CoC",Transgender,*
2020,CA-507,Marin County CoC,Cisgender Man,632
2020,CA-507,Marin County CoC,Cisgender Woman,489
2020,CA-507,Marin County CoC,"Culturally Specific, Non-Binary, and/or a Different Identity",*
2020,CA-507,Marin County CoC,Transgender,*
2020,CA-508,Santa Cruz County CoC,Cisgender Man,1419
2020,CA-508,Santa Cruz County CoC,Cisgender Woman,949
2020,CA-508,Santa Cruz County CoC,Client doesn't know,16
2020,CA-508,Santa Cruz County CoC,"Culturally Specific, Non-Binary, and/or a Different Identity",*
2020,CA-508,Santa Cruz County CoC,Transgender,*
2020,CA-509,Mendocino County CoC,Cisgender Man,514
2020,CA-509,Mendocino County CoC,Cisgender Woman,451
2020,CA-509,Mendocino County CoC,Client doesn't know,*
2020,CA-509,Mendocino County CoC,"Culturally Specific, Non-Binary, and/or a Different Identity",*
2020,CA-509,Mendocino County CoC,Transgender,*
2020,CA-510,Stanislaus County CoC,Cisgender Man,2604
2020,CA-510,Stanislaus County CoC,Cisgender Woman,2200
2020,CA-510,Stanislaus County CoC,"Culturally Specific, Non-Binary, and/or a Different Identity",*
2020,CA-510,Stanislaus County CoC,Transgender,*
2020,CA-511,San Joaquin County CoC,Cisgender Man,4161
2020,CA-511,San Joaquin County CoC,Cisgender Woman,3539
2020,CA-511,San Joaquin County CoC,Client doesn't know,*
2020,CA-511,San Joaquin County CoC,"Culturally Specific, Non-Binary, and/or a Different Identity",*
2020,CA-511,San Joaquin County CoC,Transgender,12
2020,CA-512,San Mateo County CoC,Cisgender Man,2502
2020,CA-512,San Mateo County CoC,Cisgender Woman,1760
2020,CA-512,San Mateo County CoC,"Culturally Specific, Non-Binary, and/or a Different Identity",*
2020,CA-512,San Mateo County CoC,Transgender,14
2020,CA-513,"Kings, Tulare Counties CoC",Cisgender Man,1613
2020,CA-513,"Kings, Tulare Counties CoC",Cisgender Woman,1665
2020,CA-513,"Kings, Tulare Counties CoC","Culturally Specific, Non-Binary, and/or a Different Identity",*
2020,CA-513,"Kings, Tulare Counties CoC",Transgender,*
2020,CA-513,"Kings, Tulare Counties CoC",Unknown,*
2020,CA-514,"Fresno, Madera Counties CoC",Cisgender Man,2340
2020,CA-514,"Fresno, Madera Counties CoC",Cisgender Woman,1838
2020,CA-514,"Fresno, Madera Counties CoC",Client doesn't know,*
2020,CA-514,"Fresno, Madera Counties CoC","Culturally Specific, Non-Binary, and/or a Different Identity",*
2020,CA-514,"Fresno, Madera Counties CoC",Questioning,*
2020,CA-514,"Fresno, Madera Counties CoC",Transgender,18
2020,CA-515,Placer County CoC,Cisgender Man,960
2020,CA-515,Placer County CoC,Cisgender Woman,764
2020,CA-515,Placer County CoC,Client doesn't know,13
2020,CA-515,Placer County CoC,"Culturally Specific, Non-Binary, and/or a Different Identity",*
2020,CA-515,Placer County CoC,Transgender,*
2020,CA-516,"Shasta, Siskiyou, Lassen, Plumas, Del Norte, Modoc, Sierra Counties CoC",Cisgender Man,651
2020,CA-516,"Shasta, Siskiyou, Lassen, Plumas, Del Norte, Modoc, Sierra Counties CoC",Cisgender Woman,624
2020,CA-516,"Shasta, Siskiyou, Lassen, Plumas, Del Norte, Modoc, Sierra Counties CoC",Client doesn't know,183
2020,CA-516,"Shasta, Siskiyou, Lassen, Plumas, Del Norte, Modoc, Sierra Counties CoC","Culturally Specific, Non-Binary, and/or a Different Identity",*
2020,CA-516,"Shasta, Siskiyou, Lassen, Plumas, Del Norte, Modoc, Sierra Counties CoC",Transgender,*
2020,CA-517,Napa County CoC,Cisgender Man,851
2020,CA-517,Napa County CoC,Cisgender Woman,509
2020,CA-517,Napa County CoC,Client doesn't know,*
2020,CA-517,Napa County CoC,"Culturally Specific, Non-Binary, and/or a Different Identity",*
2020,CA-517,Napa County CoC,Transgender,*
2020,CA-518,Solano County CoC,Cisgender Man,806
2020,CA-518,Solano County CoC,Cisgender Woman,604
2020,CA-518,Solano County CoC,Client doesn't know,*
2020,CA-518,Solano County CoC,"Culturally Specific, Non-Binary, and/or a Different Identity",*
2020,CA-518,Solano County CoC,Questioning,*
2020,CA-518,Solano County CoC,Transgender,*
2020,CA-519,Butte County CoC,Cisgender Man,1022
2020,CA-519,Butte County CoC,Cisgender Woman,819
2020,CA-519,Butte County CoC,Client doesn't know,*
2020,CA-519,Butte County CoC,"Culturally Specific, Non-Binary, and/or a Different Identity",*
2020,CA-519,Butte County CoC,Transgender,*
2020,CA-520,Merced County CoC,Cisgender Man,1290
2020,CA-520,Merced County CoC,Cisgender Woman,1373
2020,CA-520,Merced County CoC,Transgender,*
2020,CA-521,Yolo County CoC,Cisgender Man,845
2020,CA-521,Yolo County CoC,Cisgender Woman,696
2020,CA-521,Yolo County CoC,Client doesn't know,*
2020,CA-521,Yolo County CoC,"Culturally Specific, Non-Binary, and/or a Different Identity",*
2020,CA-521,Yolo County CoC,Transgender,*
2020,CA-522,Humboldt County CoC,Cisgender Man,989
2020,CA-522,Humboldt County CoC,Cisgender Woman,558
2020,CA-522,Humboldt County CoC,Client doesn't know,174
2020,CA-522,Humboldt County CoC,"Culturally Specific, Non-Binary, and/or a Different Identity",*
2020,CA-522,Humboldt County CoC,Transgender,*
2020,CA-523,"Colusa, Glenn, Trinity Counties CoC",Cisgender Man,225
2020,CA-523,"Colusa, Glenn, Trinity Counties CoC",Cisgender Woman,284
2020,CA-523,"Colusa, Glenn, Trinity Counties CoC",Client doesn't know,*
2020,CA-523,"Colusa, Glenn, Trinity Counties CoC",Transgender,*
2020,CA-524,"Yuba, Sutter Counties CoC",Cisgender Man,314
2020,CA-524,"Yuba, Sutter Counties CoC",Cisgender Woman,397
2020,CA-524,"Yuba, Sutter Counties CoC",Transgender,*
2020,CA-525,El Dorado County CoC,Cisgender Man,147
2020,CA-525,El Dorado County CoC,Cisgender Woman,113
2020,CA-525,El Dorado County CoC,"Culturally Specific, Non-Binary, and/or a Different Identity",*
2020,CA-525,El Dorado County CoC,Transgender,*
2020,CA-526,"Amador, Calaveras, Mariposa, Tuolumne Counties CoC",Cisgender Man,301
2020,CA-526,"Amador, Calaveras, Mariposa, Tuolumne Counties CoC",Cisgender Woman,361
2020,CA-531,Nevada County CoC,Cisgender Man,357
2020,CA-531,Nevada County CoC,Cisgender Woman,186
2020,CA-531,Nevada County CoC,Client doesn't know,*
2020,CA-531,Nevada County CoC,"Culturally Specific, Non-Binary, and/or a Different Identity",*
2020,CA-531,Nevada County CoC,Transgender,*
2020,CA-600,Los Angeles County CoC,Cisgender Man,52648
2020,CA-600,Los Angeles County CoC,Cisgender Woman,33727
2020,CA-600,Los Angeles County CoC,Client doesn't know,951
2020,CA-600,Los Angeles County CoC,"Culturally Specific, Non-Binary, and/or a Different Identity",132
2020,CA-600,Los Angeles County CoC,Transgender,634
2020,CA-601,San Diego County CoC,Cisgender Man,12451
2020,CA-601,San Diego County CoC,Cisgender Woman,7699
2020,CA-601,San Diego County CoC,Client doesn't know,307
2020,CA-601,San Diego County CoC,"Culturally Specific, Non-Binary, and/or a Different Identity",40
2020,CA-601,San Diego County CoC,Questioning,*
2020,CA-601,San Diego County CoC,Transgender,81
2020,CA-602,Orange County CoC,Cisgender Man,6863
2020,CA-602,Orange County CoC,Cisgender Woman,5408
2020,CA-602,Orange County CoC,Client doesn't know,25
2020,CA-602,Orange County CoC,"Culturally Specific, Non-Binary, and/or a Different Identity",12
2020,CA-602,Orange County CoC,Questioning,*
2020,CA-602,Orange County CoC,Transgender,29
2020,CA-603,Santa Barbara County CoC,Cisgender Man,1745
2020,CA-603,Santa Barbara County CoC,Cisgender Woman,1147
2020,CA-603,Santa Barbara County CoC,Client doesn't know,13
2020,CA-603,Santa Barbara County CoC,"Culturally Specific, Non-Binary, and/or a Different Identity",*
2020,CA-603,Santa Barbara County CoC,Transgender,*
2020,CA-604,Kern County CoC,Cisgender Man,2872
2020,CA-604,Kern County CoC,Cisgender Woman,2815
2020,CA-604,Kern County CoC,Transgender,*
2020,CA-606,Long Beach CoC (Los Angeles County),Cisgender Man,1864
2020,CA-606,Long Beach CoC (Los Angeles County),Cisgender Woman,1287
2020,CA-606,Long Beach CoC (Los Angeles County),Client doesn't know,13
2020,CA-606,Long Beach CoC (Los Angeles County),"Culturally Specific, Non-Binary, and/or a Different Identity",*
2020,CA-606,Long Beach CoC (Los Angeles County),Transgender,11
2020,CA-607,Pasadena CoC (Los Angeles County),Cisgender Man,792
2020,CA-607,Pasadena CoC (Los Angeles County),Cisgender Woman,534
2020,CA-607,Pasadena CoC (Los Angeles County),Client doesn't know,*
2020,CA-607,Pasadena CoC (Los Angeles County),"Culturally Specific, Non-Binary, and/or a Different Identity",*
2020,CA-607,Pasadena CoC (Los Angeles County),Transgender,*
2020,CA-608,Riverside County CoC,Cisgender Man,5006
2020,CA-608,Riverside County CoC,Cisgender Woman,4048
2020,CA-608,Riverside County CoC,Client doesn't know,*
2020,CA-608,Riverside County CoC,"Culturally Specific, Non-Binary, and/or a Different Identity",*
2020,CA-608,Riverside County CoC,Transgender,24
2020,CA-609,San Bernardino County CoC,Cisgender Man,4532
2020,CA-609,San Bernardino County CoC,Cisgender Woman,4375
2020,CA-609,San Bernardino County CoC,Client doesn't know,*
2020,CA-609,San Bernardino County CoC,"Culturally Specific, Non-Binary, and/or a Different Identity",*
2020,CA-609,San Bernardino County CoC,Questioning,*
2020,CA-609,San Bernardino County CoC,Transgender,13
2020,CA-611,Ventura County CoC,Cisgender Man,1241
2020,CA-611,Ventura County CoC,Cisgender Woman,981
2020,CA-611,Ventura County CoC,Client doesn't know,*
2020,CA-611,Ventura County CoC,"Culturally Specific, Non-Binary, and/or a Different Identity",*
2020,CA-611,Ventura County CoC,Transgender,12
2020,CA-612,Glendale CoC (Los Angeles County),Cisgender Man,287
2020,CA-612,Glendale CoC (Los Angeles County),Cisgender Woman,279
2020,CA-612,Glendale CoC (Los Angeles County),"Culturally Specific, Non-Binary, and/or a Different Identity",*
2020,CA-612,Glendale CoC (Los Angeles County),Transgender,*
2020,CA-613,Imperial County CoC,Cisgender Man,585
2020,CA-613,Imperial County CoC,Cisgender Woman,404
2020,CA-613,Imperial County CoC,Client doesn't know,*
2020,CA-613,Imperial County CoC,"Culturally Specific, Non-Binary, and/or a Different Identity",*
2020,CA-614,San Luis Obispo County CoC,Cisgender Man,935
2020,CA-614,San Luis Obispo County CoC,Cisgender Woman,750
2020,CA-614,San Luis Obispo County CoC,Client doesn't know,*
2020,CA-614,San Luis Obispo County CoC,Transgender,*
2021,All,California,Cisgender Man,151830
2021,All,California,Cisgender Woman,110923
2021,All,California,Client doesn't know,3495
2021,All,California,"Culturally Specific, Non-Binary, and/or a Different Identity",622
2021,All,California,Questioning,23
2021,All,California,Transgender,1366
2021,All,California,Unknown,*
2021,CA-500,Santa Clara County CoC,Cisgender Man,7322
2021,CA-500,Santa Clara County CoC,Cisgender Woman,5291
2021,CA-500,Santa Clara County CoC,Client doesn't know,57
2021,CA-500,Santa Clara County CoC,"Culturally Specific, Non-Binary, and/or a Different Identity",35
2021,CA-500,Santa Clara County CoC,Transgender,63
2021,CA-501,San Francisco CoC,Cisgender Man,8265
2021,CA-501,San Francisco CoC,Cisgender Woman,5316
2021,CA-501,San Francisco CoC,Client doesn't know,106
2021,CA-501,San Francisco CoC,"Culturally Specific, Non-Binary, and/or a Different Identity",94
2021,CA-501,San Francisco CoC,Questioning,*
2021,CA-501,San Francisco CoC,Transgender,167
2021,CA-502,Alameda County CoC,Cisgender Man,5798
2021,CA-502,Alameda County CoC,Cisgender Woman,4199
2021,CA-502,Alameda County CoC,Client doesn't know,67
2021,CA-502,Alameda County CoC,"Culturally Specific, Non-Binary, and/or a Different Identity",29
2021,CA-502,Alameda County CoC,Questioning,*
2021,CA-502,Alameda County CoC,Transgender,32
2021,CA-503,Sacramento County CoC,Cisgender Man,5375
2021,CA-503,Sacramento County CoC,Cisgender Woman,4964
2021,CA-503,Sacramento County CoC,Client doesn't know,252
2021,CA-503,Sacramento County CoC,"Culturally Specific, Non-Binary, and/or a Different Identity",50
2021,CA-503,Sacramento County CoC,Questioning,*
2021,CA-503,Sacramento County CoC,Transgender,52
2021,CA-504,Sonoma County CoC,Cisgender Man,2166
2021,CA-504,Sonoma County CoC,Cisgender Woman,1611
2021,CA-504,Sonoma County CoC,Client doesn't know,*
2021,CA-504,Sonoma County CoC,"Culturally Specific, Non-Binary, and/or a Different Identity",19
2021,CA-504,Sonoma County CoC,Transgender,23
2021,CA-505,Contra Costa County CoC,Cisgender Man,3963
2021,CA-505,Contra Costa County CoC,Cisgender Woman,3142
2021,CA-505,Contra Costa County CoC,Client doesn't know,19
2021,CA-505,Contra Costa County CoC,"Culturally Specific, Non-Binary, and/or a Different Identity",*
2021,CA-505,Contra Costa County CoC,Transgender,12
2021,CA-506,"Monterey, San Benito Counties CoC",Cisgender Man,1256
2021,CA-506,"Monterey, San Benito Counties CoC",Cisgender Woman,1140
2021,CA-506,"Monterey, San Benito Counties CoC",Client doesn't know,*
2021,CA-506,"Monterey, San Benito Counties CoC","Culturally Specific, Non-Binary, and/or a Different Identity",*
2021,CA-506,"Monterey, San Benito Counties CoC",Transgender,*
2021,CA-507,Marin County CoC,Cisgender Man,943
2021,CA-507,Marin County CoC,Cisgender Woman,724
2021,CA-507,Marin County CoC,Client doesn't know,98
2021,CA-507,Marin County CoC,"Culturally Specific, Non-Binary, and/or a Different Identity",*
2021,CA-507,Marin County CoC,Transgender,*
2021,CA-508,Santa Cruz County CoC,Cisgender Man,1405
2021,CA-508,Santa Cruz County CoC,Cisgender Woman,970
2021,CA-508,Santa Cruz County CoC,Client doesn't know,*
2021,CA-508,Santa Cruz County CoC,"Culturally Specific, Non-Binary, and/or a Different Identity",*
2021,CA-508,Santa Cruz County CoC,Transgender,11
2021,CA-509,Mendocino County CoC,Cisgender Man,687
2021,CA-509,Mendocino County CoC,Cisgender Woman,605
2021,CA-509,Mendocino County CoC,Client doesn't know,*
2021,CA-509,Mendocino County CoC,"Culturally Specific, Non-Binary, and/or a Different Identity",*
2021,CA-509,Mendocino County CoC,Transgender,*
2021,CA-510,Stanislaus County CoC,Cisgender Man,2799
2021,CA-510,Stanislaus County CoC,Cisgender Woman,2078
2021,CA-510,Stanislaus County CoC,Client doesn't know,*
2021,CA-510,Stanislaus County CoC,"Culturally Specific, Non-Binary, and/or a Different Identity",13
2021,CA-510,Stanislaus County CoC,Questioning,*
2021,CA-510,Stanislaus County CoC,Transgender,12
2021,CA-511,San Joaquin County CoC,Cisgender Man,3573
2021,CA-511,San Joaquin County CoC,Cisgender Woman,3134
2021,CA-511,San Joaquin County CoC,Client doesn't know,40
2021,CA-511,San Joaquin County CoC,"Culturally Specific, Non-Binary, and/or a Different Identity",*
2021,CA-511,San Joaquin County CoC,Questioning,*
2021,CA-511,San Joaquin County CoC,Transgender,*
2021,CA-512,San Mateo County CoC,Cisgender Man,2665
2021,CA-512,San Mateo County CoC,Cisgender Woman,1810
2021,CA-512,San Mateo County CoC,Client doesn't know,*
2021,CA-512,San Mateo County CoC,"Culturally Specific, Non-Binary, and/or a Different Identity",*
2021,CA-512,San Mateo County CoC,Transgender,13
2021,CA-513,"Kings, Tulare Counties CoC",Cisgender Man,1666
2021,CA-513,"Kings, Tulare Counties CoC",Cisgender Woman,1755
2021,CA-513,"Kings, Tulare Counties CoC","Culturally Specific, Non-Binary, and/or a Different Identity",*
2021,CA-513,"Kings, Tulare Counties CoC",Transgender,*
2021,CA-513,"Kings, Tulare Counties CoC",Unknown,*
2021,CA-514,"Fresno, Madera Counties CoC",Cisgender Man,3458
2021,CA-514,"Fresno, Madera Counties CoC",Cisgender Woman,2655
2021,CA-514,"Fresno, Madera Counties CoC",Client doesn't know,25
2021,CA-514,"Fresno, Madera Counties CoC","Culturally Specific, Non-Binary, and/or a Different Identity",*
2021,CA-514,"Fresno, Madera Counties CoC",Questioning,*
2021,CA-514,"Fresno, Madera Counties CoC",Transgender,33
2021,CA-515,Placer County CoC,Cisgender Man,1104
2021,CA-515,Placer County CoC,Cisgender Woman,908
2021,CA-515,Placer County CoC,Client doesn't know,*
2021,CA-515,Placer County CoC,"Culturally Specific, Non-Binary, and/or a Different Identity",*
2021,CA-515,Placer County CoC,Transgender,*
2021,CA-516,"Shasta, Siskiyou, Lassen, Plumas, Del Norte, Modoc, Sierra Counties CoC",Cisgender Man,896
2021,CA-516,"Shasta, Siskiyou, Lassen, Plumas, Del Norte, Modoc, Sierra Counties CoC",Cisgender Woman,872
2021,CA-516,"Shasta, Siskiyou, Lassen, Plumas, Del Norte, Modoc, Sierra Counties CoC",Client doesn't know,41
2021,CA-516,"Shasta, Siskiyou, Lassen, Plumas, Del Norte, Modoc, Sierra Counties CoC","Culturally Specific, Non-Binary, and/or a Different Identity",*
2021,CA-516,"Shasta, Siskiyou, Lassen, Plumas, Del Norte, Modoc, Sierra Counties CoC",Questioning,*
2021,CA-516,"Shasta, Siskiyou, Lassen, Plumas, Del Norte, Modoc, Sierra Counties CoC",Transgender,*
2021,CA-517,Napa County CoC,Cisgender Man,438
2021,CA-517,Napa County CoC,Cisgender Woman,306
2021,CA-517,Napa County CoC,Client doesn't know,*
2021,CA-517,Napa County CoC,"Culturally Specific, Non-Binary, and/or a Different Identity",*
2021,CA-517,Napa County CoC,Transgender,*
2021,CA-518,Solano County CoC,Cisgender Man,924
2021,CA-518,Solano County CoC,Cisgender Woman,650
2021,CA-518,Solano County CoC,Client doesn't know,*
2021,CA-518,Solano County CoC,"Culturally Specific, Non-Binary, and/or a Different Identity",*
2021,CA-518,Solano County CoC,Questioning,*
2021,CA-518,Solano County CoC,Transgender,*
2021,CA-519,Butte County CoC,Cisgender Man,1125
2021,CA-519,Butte County CoC,Cisgender Woman,930
2021,CA-519,Butte County CoC,Client doesn't know,*
2021,CA-519,Butte County CoC,"Culturally Specific, Non-Binary, and/or a Different Identity",*
2021,CA-519,Butte County CoC,Transgender,*
2021,CA-520,Merced County CoC,Cisgender Man,1288
2021,CA-520,Merced County CoC,Cisgender Woman,1055
2021,CA-520,Merced County CoC,Client doesn't know,*
2021,CA-520,Merced County CoC,"Culturally Specific, Non-Binary, and/or a Different Identity",*
2021,CA-520,Merced County CoC,Transgender,*
2021,CA-521,Yolo County CoC,Cisgender Man,746
2021,CA-521,Yolo County CoC,Cisgender Woman,659
2021,CA-521,Yolo County CoC,Client doesn't know,*
2021,CA-521,Yolo County CoC,"Culturally Specific, Non-Binary, and/or a Different Identity",*
2021,CA-521,Yolo County CoC,Transgender,*
2021,CA-522,Humboldt County CoC,Cisgender Man,915
2021,CA-522,Humboldt County CoC,Cisgender Woman,564
2021,CA-522,Humboldt County CoC,Client doesn't know,87
2021,CA-522,Humboldt County CoC,"Culturally Specific, Non-Binary, and/or a Different Identity",21
2021,CA-522,Humboldt County CoC,Questioning,*
2021,CA-522,Humboldt County CoC,Transgender,*
2021,CA-523,"Colusa, Glenn, Trinity Counties CoC",Cisgender Man,306
2021,CA-523,"Colusa, Glenn, Trinity Counties CoC",Cisgender Woman,371
2021,CA-523,"Colusa, Glenn, Trinity Counties CoC",Client doesn't know,*
2021,CA-524,"Yuba, Sutter Counties CoC",Cisgender Man,1028
2021,CA-524,"Yuba, Sutter Counties CoC",Cisgender Woman,1137
2021,CA-524,"Yuba, Sutter Counties CoC","Culturally Specific, Non-Binary, and/or a Different Identity",*
2021,CA-524,"Yuba, Sutter Counties CoC",Transgender,*
2021,CA-525,El Dorado County CoC,Cisgender Man,178
2021,CA-525,El Dorado County CoC,Cisgender Woman,147
2021,CA-525,El Dorado County CoC,"Culturally Specific, Non-Binary, and/or a Different Identity",*
2021,CA-525,El Dorado County CoC,Transgender,*
2021,CA-526,"Amador, Calaveras, Mariposa, Tuolumne Counties CoC",Cisgender Man,315
2021,CA-526,"Amador, Calaveras, Mariposa, Tuolumne Counties CoC",Cisgender Woman,361
2021,CA-526,"Amador, Calaveras, Mariposa, Tuolumne Counties CoC","Culturally Specific, Non-Binary, and/or a Different Identity",*
2021,CA-526,"Amador, Calaveras, Mariposa, Tuolumne Counties CoC",Transgender,*
2021,CA-531,Nevada County CoC,Cisgender Man,395
2021,CA-531,Nevada County CoC,Cisgender Woman,288
2021,CA-531,Nevada County CoC,Client doesn't know,31
2021,CA-531,Nevada County CoC,"Culturally Specific, Non-Binary, and/or a Different Identity",*
2021,CA-531,Nevada County CoC,Transgender,*
2021,CA-600,Los Angeles County CoC,Cisgender Man,51610
2021,CA-600,Los Angeles County CoC,Cisgender Woman,32675
2021,CA-600,Los Angeles County CoC,Client doesn't know,1057
2021,CA-600,Los Angeles County CoC,"Culturally Specific, Non-Binary, and/or a Different Identity",162
2021,CA-600,Los Angeles County CoC,Questioning,*
2021,CA-600,Los Angeles County CoC,Transgender,618
2021,CA-601,San Diego County CoC,Cisgender Man,13547
2021,CA-601,San Diego County CoC,Cisgender Woman,9094
2021,CA-601,San Diego County CoC,Client doesn't know,112
2021,CA-601,San Diego County CoC,"Culturally Specific, Non-Binary, and/or a Different Identity",49
2021,CA-601,San Diego County CoC,Questioning,*
2021,CA-601,San Diego County CoC,Transgender,96
2021,CA-602,Orange County CoC,Cisgender Man,8752
2021,CA-602,Orange County CoC,Cisgender Woman,6542
2021,CA-602,Orange County CoC,Client doesn't know,1340
2021,CA-602,Orange County CoC,"Culturally Specific, Non-Binary, and/or a Different Identity",41
2021,CA-602,Orange County CoC,Questioning,*
2021,CA-602,Orange County CoC,Transgender,47
2021,CA-603,Santa Barbara County CoC,Cisgender Man,1914
2021,CA-603,Santa Barbara County CoC,Cisgender Woman,1377
2021,CA-603,Santa Barbara County CoC,Client doesn't know,*
2021,CA-603,Santa Barbara County CoC,"Culturally Specific, Non-Binary, and/or a Different Identity",14
2021,CA-603,Santa Barbara County CoC,Questioning,*
2021,CA-603,Santa Barbara County CoC,Transgender,14
2021,CA-604,Kern County CoC,Cisgender Man,3992
2021,CA-604,Kern County CoC,Cisgender Woman,3813
2021,CA-604,Kern County CoC,"Culturally Specific, Non-Binary, and/or a Different Identity",*
2021,CA-604,Kern County CoC,Transgender,20
2021,CA-606,Long Beach CoC (Los Angeles County),Cisgender Man,1982
2021,CA-606,Long Beach CoC (Los Angeles County),Cisgender Woman,1245
2021,CA-606,Long Beach CoC (Los Angeles County),Client doesn't know,47
2021,CA-606,Long Beach CoC (Los Angeles County),"Culturally Specific, Non-Binary, and/or a Different Identity",*
2021,CA-606,Long Beach CoC (Los Angeles County),Transgender,12
2021,CA-607,Pasadena CoC (Los Angeles County),Cisgender Man,589
2021,CA-607,Pasadena CoC (Los Angeles County),Cisgender Woman,418
2021,CA-607,Pasadena CoC (Los Angeles County),Client doesn't know,24
2021,CA-607,Pasadena CoC (Los Angeles County),Transgender,*
2021,CA-608,Riverside County CoC,Cisgender Man,4420
2021,CA-608,Riverside County CoC,Cisgender Woman,3995
2021,CA-608,Riverside County CoC,Client doesn't know,12
2021,CA-608,Riverside County CoC,"Culturally Specific, Non-Binary, and/or a Different Identity",14
2021,CA-608,Riverside County CoC,Transgender,39
2021,CA-609,San Bernardino County CoC,Cisgender Man,4145
2021,CA-609,San Bernardino County CoC,Cisgender Woman,3921
2021,CA-609,San Bernardino County CoC,Client doesn't know,*
2021,CA-609,San Bernardino County CoC,"Culturally Specific, Non-Binary, and/or a Different Identity",*
2021,CA-609,San Bernardino County CoC,Questioning,*
2021,CA-609,San Bernardino County CoC,Transgender,14
2021,CA-611,Ventura County CoC,Cisgender Man,1345
2021,CA-611,Ventura County CoC,Cisgender Woman,955
2021,CA-611,Ventura County CoC,Client doesn't know,*
2021,CA-611,Ventura County CoC,"Culturally Specific, Non-Binary, and/or a Different Identity",*
2021,CA-611,Ventura County CoC,Transgender,16
2021,CA-612,Glendale CoC (Los Angeles County),Cisgender Man,340
2021,CA-612,Glendale CoC (Los Angeles County),Cisgender Woman,259
2021,CA-612,Glendale CoC (Los Angeles County),"Culturally Specific, Non-Binary, and/or a Different Identity",*
2021,CA-612,Glendale CoC (Los Angeles County),Transgender,*
2021,CA-613,Imperial County CoC,Cisgender Man,868
2021,CA-613,Imperial County CoC,Cisgender Woman,777
2021,CA-613,Imperial County CoC,Client doesn't know,11
2021,CA-613,Imperial County CoC,Transgender,*
2021,CA-614,San Luis Obispo County CoC,Cisgender Man,1311
2021,CA-614,San Luis Obispo County CoC,Cisgender Woman,1015
2021,CA-614,San Luis Obispo County CoC,Client doesn't know,*
2021,CA-614,San Luis Obispo County CoC,"Culturally Specific, Non-Binary, and/or a Different Identity",*
2021,CA-614,San Luis Obispo County CoC,Transgender,*
2022,All,California,Cisgender Man,172740
2022,All,California,Cisgender Woman,131280
2022,All,California,Client doesn't know,5204
2022,All,California,"Culturally Specific, Non-Binary, and/or a Different Identity",818
2022,All,California,Questioning,52
2022,All,California,Transgender,1612
2022,All,California,Unknown,*
2022,CA-500,Santa Clara County CoC,Cisgender Man,8051
2022,CA-500,Santa Clara County CoC,Cisgender Woman,6076
2022,CA-500,Santa Clara County CoC,Client doesn't know,60
2022,CA-500,Santa Clara County CoC,"Culturally Specific, Non-Binary, and/or a Different Identity",36
2022,CA-500,Santa Clara County CoC,Transgender,53
2022,CA-501,San Francisco CoC,Cisgender Man,10860
2022,CA-501,San Francisco CoC,Cisgender Woman,6865
2022,CA-501,San Francisco CoC,Client doesn't know,134
2022,CA-501,San Francisco CoC,"Culturally Specific, Non-Binary, and/or a Different Identity",137
2022,CA-501,San Francisco CoC,Questioning,*
2022,CA-501,San Francisco CoC,Transgender,232
2022,CA-502,Alameda County CoC,Cisgender Man,6886
2022,CA-502,Alameda County CoC,Cisgender Woman,4968
2022,CA-502,Alameda County CoC,Client doesn't know,11
2022,CA-502,Alameda County CoC,"Culturally Specific, Non-Binary, and/or a Different Identity",41
2022,CA-502,Alameda County CoC,Questioning,*
2022,CA-502,Alameda County CoC,Transgender,36
2022,CA-503,Sacramento County CoC,Cisgender Man,5823
2022,CA-503,Sacramento County CoC,Cisgender Woman,5720
2022,CA-503,Sacramento County CoC,Client doesn't know,218
2022,CA-503,Sacramento County CoC,"Culturally Specific, Non-Binary, and/or a Different Identity",72
2022,CA-503,Sacramento County CoC,Questioning,*
2022,CA-503,Sacramento County CoC,Transgender,54
2022,CA-504,Sonoma County CoC,Cisgender Man,2185
2022,CA-504,Sonoma County CoC,Cisgender Woman,1693
2022,CA-504,Sonoma County CoC,Client doesn't know,*
2022,CA-504,Sonoma County CoC,"Culturally Specific, Non-Binary, and/or a Different Identity",18
2022,CA-504,Sonoma County CoC,Questioning,*
2022,CA-504,Sonoma County CoC,Transgender,21
2022,CA-505,Contra Costa County CoC,Cisgender Man,5044
2022,CA-505,Contra Costa County CoC,Cisgender Woman,4167
2022,CA-505,Contra Costa County CoC,Client doesn't know,18
2022,CA-505,Contra Costa County CoC,"Culturally Specific, Non-Binary, and/or a Different Identity",13
2022,CA-505,Contra Costa County CoC,Questioning,*
2022,CA-505,Contra Costa County CoC,Transgender,23
2022,CA-506,"Monterey, San Benito Counties CoC",Cisgender Man,1393
2022,CA-506,"Monterey, San Benito Counties CoC",Cisgender Woman,1335
2022,CA-506,"Monterey, San Benito Counties CoC",Client doesn't know,*
2022,CA-506,"Monterey, San Benito Counties CoC","Culturally Specific, Non-Binary, and/or a Different Identity",*
2022,CA-506,"Monterey, San Benito Counties CoC",Transgender,*
2022,CA-507,Marin County CoC,Cisgender Man,982
2022,CA-507,Marin County CoC,Cisgender Woman,801
2022,CA-507,Marin County CoC,Client doesn't know,*
2022,CA-507,Marin County CoC,"Culturally Specific, Non-Binary, and/or a Different Identity",*
2022,CA-507,Marin County CoC,Questioning,*
2022,CA-507,Marin County CoC,Transgender,*
2022,CA-508,Santa Cruz County CoC,Cisgender Man,970
2022,CA-508,Santa Cruz County CoC,Cisgender Woman,813
2022,CA-508,Santa Cruz County CoC,Client doesn't know,*
2022,CA-508,Santa Cruz County CoC,"Culturally Specific, Non-Binary, and/or a Different Identity",*
2022,CA-508,Santa Cruz County CoC,Transgender,*
2022,CA-509,Mendocino County CoC,Cisgender Man,822
2022,CA-509,Mendocino County CoC,Cisgender Woman,780
2022,CA-509,Mendocino County CoC,Client doesn't know,*
2022,CA-509,Mendocino County CoC,"Culturally Specific, Non-Binary, and/or a Different Identity",*
2022,CA-509,Mendocino County CoC,Transgender,*
2022,CA-510,Stanislaus County CoC,Cisgender Man,3590
2022,CA-510,Stanislaus County CoC,Cisgender Woman,2663
2022,CA-510,Stanislaus County CoC,Client doesn't know,15
2022,CA-510,Stanislaus County CoC,"Culturally Specific, Non-Binary, and/or a Different Identity",15
2022,CA-510,Stanislaus County CoC,Questioning,*
2022,CA-510,Stanislaus County CoC,Transgender,11
2022,CA-511,San Joaquin County CoC,Cisgender Man,5079
2022,CA-511,San Joaquin County CoC,Cisgender Woman,4629
2022,CA-511,San Joaquin County CoC,Client doesn't know,35
2022,CA-511,San Joaquin County CoC,"Culturally Specific, Non-Binary, and/or a Different Identity",*
2022,CA-511,San Joaquin County CoC,Questioning,*
2022,CA-511,San Joaquin County CoC,Transgender,17
2022,CA-512,San Mateo County CoC,Cisgender Man,2980
2022,CA-512,San Mateo County CoC,Cisgender Woman,2104
2022,CA-512,San Mateo County CoC,Client doesn't know,*
2022,CA-512,San Mateo County CoC,"Culturally Specific, Non-Binary, and/or a Different Identity",*
2022,CA-512,San Mateo County CoC,Transgender,17
2022,CA-513,"Kings, Tulare Counties CoC",Cisgender Man,1986
2022,CA-513,"Kings, Tulare Counties CoC",Cisgender Woman,2145
2022,CA-513,"Kings, Tulare Counties CoC",Client doesn't know,*
2022,CA-513,"Kings, Tulare Counties CoC","Culturally Specific, Non-Binary, and/or a Different Identity",*
2022,CA-513,"Kings, Tulare Counties CoC",Transgender,*
2022,CA-513,"Kings, Tulare Counties CoC",Unknown,*
2022,CA-514,"Fresno, Madera Counties CoC",Cisgender Man,4576
2022,CA-514,"Fresno, Madera Counties CoC",Cisgender Woman,3395
2022,CA-514,"Fresno, Madera Counties CoC",Client doesn't know,41
2022,CA-514,"Fresno, Madera Counties CoC","Culturally Specific, Non-Binary, and/or a Different Identity",*
2022,CA-514,"Fresno, Madera Counties CoC",Questioning,*
2022,CA-514,"Fresno, Madera Counties CoC",Transgender,32
2022,CA-515,Placer County CoC,Cisgender Man,1316
2022,CA-515,Placer County CoC,Cisgender Woman,1141
2022,CA-515,Placer County CoC,Client doesn't know,11
2022,CA-515,Placer County CoC,"Culturally Specific, Non-Binary, and/or a Different Identity",*
2022,CA-515,Placer County CoC,Questioning,*
2022,CA-515,Placer County CoC,Transgender,*
2022,CA-516,"Shasta, Siskiyou, Lassen, Plumas, Del Norte, Modoc, Sierra Counties CoC",Cisgender Man,1096
2022,CA-516,"Shasta, Siskiyou, Lassen, Plumas, Del Norte, Modoc, Sierra Counties CoC",Cisgender Woman,1053
2022,CA-516,"Shasta, Siskiyou, Lassen, Plumas, Del Norte, Modoc, Sierra Counties CoC",Client doesn't know,17
2022,CA-516,"Shasta, Siskiyou, Lassen, Plumas, Del Norte, Modoc, Sierra Counties CoC","Culturally Specific, Non-Binary, and/or a Different Identity",*
2022,CA-516,"Shasta, Siskiyou, Lassen, Plumas, Del Norte, Modoc, Sierra Counties CoC",Questioning,*
2022,CA-516,"Shasta, Siskiyou, Lassen, Plumas, Del Norte, Modoc, Sierra Counties CoC",Transgender,*
2022,CA-517,Napa County CoC,Cisgender Man,577
2022,CA-517,Napa County CoC,Cisgender Woman,350
2022,CA-517,Napa County CoC,Client doesn't know,*
2022,CA-517,Napa County CoC,"Culturally Specific, Non-Binary, and/or a Different Identity",*
2022,CA-517,Napa County CoC,Transgender,*
2022,CA-518,Solano County CoC,Cisgender Man,771
2022,CA-518,Solano County CoC,Cisgender Woman,524
2022,CA-518,Solano County CoC,Client doesn't know,*
2022,CA-518,Solano County CoC,Transgender,*
2022,CA-519,Butte County CoC,Cisgender Man,1518
2022,CA-519,Butte County CoC,Cisgender Woman,1225
2022,CA-519,Butte County CoC,Client doesn't know,*
2022,CA-519,Butte County CoC,"Culturally Specific, Non-Binary, and/or a Different Identity",*
2022,CA-519,Butte County CoC,Transgender,12
2022,CA-520,Merced County CoC,Cisgender Man,1530
2022,CA-520,Merced County CoC,Cisgender Woman,1471
2022,CA-520,Merced County CoC,"Culturally Specific, Non-Binary, and/or a Different Identity",*
2022,CA-520,Merced County CoC,Questioning,*
2022,CA-520,Merced County CoC,Transgender,*
2022,CA-521,Yolo County CoC,Cisgender Man,708
2022,CA-521,Yolo County CoC,Cisgender Woman,719
2022,CA-521,Yolo County CoC,Client doesn't know,64
2022,CA-521,Yolo County CoC,"Culturally Specific, Non-Binary, and/or a Different Identity",*
2022,CA-521,Yolo County CoC,Transgender,*
2022,CA-522,Humboldt County CoC,Cisgender Man,1260
2022,CA-522,Humboldt County CoC,Cisgender Woman,899
2022,CA-522,Humboldt County CoC,Client doesn't know,84
2022,CA-522,Humboldt County CoC,"Culturally Specific, Non-Binary, and/or a Different Identity",31
2022,CA-522,Humboldt County CoC,Questioning,*
2022,CA-522,Humboldt County CoC,Transgender,19
2022,CA-523,"Colusa, Glenn, Trinity Counties CoC",Cisgender Man,285
2022,CA-523,"Colusa, Glenn, Trinity Counties CoC",Cisgender Woman,341
2022,CA-523,"Colusa, Glenn, Trinity Counties CoC",Client doesn't know,*
2022,CA-524,"Yuba, Sutter Counties CoC",Cisgender Man,1233
2022,CA-524,"Yuba, Sutter Counties CoC",Cisgender Woman,1398
2022,CA-524,"Yuba, Sutter Counties CoC","Culturally Specific, Non-Binary, and/or a Different Identity",*
2022,CA-524,"Yuba, Sutter Counties CoC",Transgender,*
2022,CA-525,El Dorado County CoC,Cisgender Man,230
2022,CA-525,El Dorado County CoC,Cisgender Woman,193
2022,CA-525,El Dorado County CoC,Transgender,*
2022,CA-526,"Amador, Calaveras, Mariposa, Tuolumne Counties CoC",Cisgender Man,417
2022,CA-526,"Amador, Calaveras, Mariposa, Tuolumne Counties CoC",Cisgender Woman,513
2022,CA-526,"Amador, Calaveras, Mariposa, Tuolumne Counties CoC","Culturally Specific, Non-Binary, and/or a Different Identity",*
2022,CA-526,"Amador, Calaveras, Mariposa, Tuolumne Counties CoC",Questioning,*
2022,CA-526,"Amador, Calaveras, Mariposa, Tuolumne Counties CoC",Transgender,*
2022,CA-530,"Alpine, Inyo, Mono Counties CoC",Cisgender Man,46
2022,CA-530,"Alpine, Inyo, Mono Counties CoC",Cisgender Woman,53
2022,CA-531,Nevada County CoC,Cisgender Man,551
2022,CA-531,Nevada County CoC,Cisgender Woman,459
2022,CA-531,Nevada County CoC,Client doesn't know,25
2022,CA-531,Nevada County CoC,"Culturally Specific, Non-Binary, and/or a Different Identity",*
2022,CA-531,Nevada County CoC,Transgender,*
2022,CA-600,Los Angeles County CoC,Cisgender Man,53809
2022,CA-600,Los Angeles County CoC,Cisgender Woman,35440
2022,CA-600,Los Angeles County CoC,Client doesn't know,1346
2022,CA-600,Los Angeles County CoC,"Culturally Specific, Non-Binary, and/or a Different Identity",198
2022,CA-600,Los Angeles County CoC,Questioning,*
2022,CA-600,Los Angeles County CoC,Transgender,684
2022,CA-601,San Diego County CoC,Cisgender Man,14600
2022,CA-601,San Diego County CoC,Cisgender Woman,10652
2022,CA-601,San Diego County CoC,Client doesn't know,78
2022,CA-601,San Diego County CoC,"Culturally Specific, Non-Binary, and/or a Different Identity",79
2022,CA-601,San Diego County CoC,Questioning,*
2022,CA-601,San Diego County CoC,Transgender,142
2022,CA-602,Orange County CoC,Cisgender Man,11429
2022,CA-602,Orange County CoC,Cisgender Woman,8596
2022,CA-602,Orange County CoC,Client doesn't know,2916
2022,CA-602,Orange County CoC,"Culturally Specific, Non-Binary, and/or a Different Identity",48
2022,CA-602,Orange County CoC,Questioning,*
2022,CA-602,Orange County CoC,Transgender,47
2022,CA-603,Santa Barbara County CoC,Cisgender Man,2234
2022,CA-603,Santa Barbara County CoC,Cisgender Woman,1639
2022,CA-603,Santa Barbara County CoC,Client doesn't know,*
2022,CA-603,Santa Barbara County CoC,"Culturally Specific, Non-Binary, and/or a Different Identity",15
2022,CA-603,Santa Barbara County CoC,Questioning,*
2022,CA-603,Santa Barbara County CoC,Transgender,12
2022,CA-604,Kern County CoC,Cisgender Man,4559
2022,CA-604,Kern County CoC,Cisgender Woman,4101
2022,CA-604,Kern County CoC,"Culturally Specific, Non-Binary, and/or a Different Identity",*
2022,CA-604,Kern County CoC,Questioning,*
2022,CA-604,Kern County CoC,Transgender,20
2022,CA-606,Long Beach CoC (Los Angeles County),Cisgender Man,2439
2022,CA-606,Long Beach CoC (Los Angeles County),Cisgender Woman,1570
2022,CA-606,Long Beach CoC (Los Angeles County),Client doesn't know,*
2022,CA-606,Long Beach CoC (Los Angeles County),"Culturally Specific, Non-Binary, and/or a Different Identity",*
2022,CA-606,Long Beach CoC (Los Angeles County),Questioning,*
2022,CA-606,Long Beach CoC (Los Angeles County),Transgender,15
2022,CA-607,Pasadena CoC (Los Angeles County),Cisgender Man,720
2022,CA-607,Pasadena CoC (Los Angeles County),Cisgender Woman,531
2022,CA-607,Pasadena CoC (Los Angeles County),Client doesn't know,37
2022,CA-607,Pasadena CoC (Los Angeles County),"Culturally Specific, Non-Binary, and/or a Different Identity",*
2022,CA-607,Pasadena CoC (Los Angeles County),Transgender,11
2022,CA-608,Riverside County CoC,Cisgender Man,5575
2022,CA-608,Riverside County CoC,Cisgender Woman,5116
2022,CA-608,Riverside County CoC,Client doesn't know,23
2022,CA-608,Riverside County CoC,"Culturally Specific, Non-Binary, and/or a Different Identity",27
2022,CA-608,Riverside County CoC,Questioning,*
2022,CA-608,Riverside County CoC,Transgender,66
2022,CA-609,San Bernardino County CoC,Cisgender Man,4768
2022,CA-609,San Bernardino County CoC,Cisgender Woman,4827
2022,CA-609,San Bernardino County CoC,Client doesn't know,*
2022,CA-609,San Bernardino County CoC,"Culturally Specific, Non-Binary, and/or a Different Identity",14
2022,CA-609,San Bernardino County CoC,Questioning,*
2022,CA-609,San Bernardino County CoC,Transgender,16
2022,CA-611,Ventura County CoC,Cisgender Man,1654
2022,CA-611,Ventura County CoC,Cisgender Woman,1254
2022,CA-611,Ventura County CoC,Client doesn't know,*
2022,CA-611,Ventura County CoC,"Culturally Specific, Non-Binary, and/or a Different Identity",*
2022,CA-611,Ventura County CoC,Transgender,18
2022,CA-612,Glendale CoC (Los Angeles County),Cisgender Man,444
2022,CA-612,Glendale CoC (Los Angeles County),Cisgender Woman,328
2022,CA-612,Glendale CoC (Los Angeles County),"Culturally Specific, Non-Binary, and/or a Different Identity",*
2022,CA-612,Glendale CoC (Los Angeles County),Transgender,13
2022,CA-613,Imperial County CoC,Cisgender Man,869
2022,CA-613,Imperial County CoC,Cisgender Woman,960
2022,CA-613,Imperial County CoC,Client doesn't know,*
2022,CA-613,Imperial County CoC,Transgender,*
2022,CA-614,San Luis Obispo County CoC,Cisgender Man,1533
2022,CA-614,San Luis Obispo County CoC,Cisgender Woman,1251
2022,CA-614,San Luis Obispo County CoC,Client doesn't know,*
2022,CA-614,San Luis Obispo County CoC,"Culturally Specific, Non-Binary, and/or a Different Identity",*
2022,CA-614,San Luis Obispo County CoC,Transgender,*
2023,All,California,Cisgender Man,165843
2023,All,California,Cisgender Woman,126829
2023,All,California,Client doesn't know,5028
2023,All,California,"Culturally Specific, Non-Binary, and/or a Different Identity",873
2023,All,California,Questioning,61
2023,All,California,Transgender,1589
2023,All,California,Unknown,*
2023,CA-500,Santa Clara County CoC,Cisgender Man,7544
2023,CA-500,Santa Clara County CoC,Cisgender Woman,5919
2023,CA-500,Santa Clara County CoC,Client doesn't know,16
2023,CA-500,Santa Clara County CoC,"Culturally Specific, Non-Binary, and/or a Different Identity",43
2023,CA-500,Santa Clara County CoC,Questioning,*
2023,CA-500,Santa Clara County CoC,Transgender,46
2023,CA-501,San Francisco CoC,Cisgender Man,9990
2023,CA-501,San Francisco CoC,Cisgender Woman,6605
2023,CA-501,San Francisco CoC,Client doesn't know,178
2023,CA-501,San Francisco CoC,"Culturally Specific, Non-Binary, and/or a Different Identity",151
2023,CA-501,San Francisco CoC,Questioning,*
2023,CA-501,San Francisco CoC,Transgender,227
2023,CA-502,Alameda County CoC,Cisgender Man,6664
2023,CA-502,Alameda County CoC,Cisgender Woman,4958
2023,CA-502,Alameda County CoC,Client doesn't know,*
2023,CA-502,Alameda County CoC,"Culturally Specific, Non-Binary, and/or a Different Identity",45
2023,CA-502,Alameda County CoC,Questioning,*
2023,CA-502,Alameda County CoC,Transgender,32
2023,CA-503,Sacramento County CoC,Cisgender Man,5268
2023,CA-503,Sacramento County CoC,Cisgender Woman,5376
2023,CA-503,Sacramento County CoC,Client doesn't know,427
2023,CA-503,Sacramento County CoC,"Culturally Specific, Non-Binary, and/or a Different Identity",65
2023,CA-503,Sacramento County CoC,Questioning,*
2023,CA-503,Sacramento County CoC,Transgender,44
2023,CA-504,Sonoma County CoC,Cisgender Man,2056
2023,CA-504,Sonoma County CoC,Cisgender Woman,1574
2023,CA-504,Sonoma County CoC,Client doesn't know,*
2023,CA-504,Sonoma County CoC,"Culturally Specific, Non-Binary, and/or a Different Identity",16
2023,CA-504,Sonoma County CoC,Questioning,*
2023,CA-504,Sonoma County CoC,Transgender,22
2023,CA-505,Contra Costa County CoC,Cisgender Man,5914
2023,CA-505,Contra Costa County CoC,Cisgender Woman,4811
2023,CA-505,Contra Costa County CoC,Client doesn't know,19
2023,CA-505,Contra Costa County CoC,"Culturally Specific, Non-Binary, and/or a Different Identity",15
2023,CA-505,Contra Costa County CoC,Questioning,*
2023,CA-505,Contra Costa County CoC,Transgender,22
2023,CA-506,"Monterey, San Benito Counties CoC",Cisgender Man,1285
2023,CA-506,"Monterey, San Benito Counties CoC",Cisgender Woman,1183
2023,CA-506,"Monterey, San Benito Counties CoC",Client doesn't know,16
2023,CA-506,"Monterey, San Benito Counties CoC","Culturally Specific, Non-Binary, and/or a Different Identity",*
2023,CA-506,"Monterey, San Benito Counties CoC",Questioning,*
2023,CA-506,"Monterey, San Benito Counties CoC",Transgender,*
2023,CA-507,Marin County CoC,Cisgender Man,844
2023,CA-507,Marin County CoC,Cisgender Woman,674
2023,CA-507,Marin County CoC,Client doesn't know,*
2023,CA-507,Marin County CoC,"Culturally Specific, Non-Binary, and/or a Different Identity",*
2023,CA-507,Marin County CoC,Transgender,*
2023,CA-508,Santa Cruz County CoC,Cisgender Man,937
2023,CA-508,Santa Cruz County CoC,Cisgender Woman,691
2023,CA-508,Santa Cruz County CoC,Client doesn't know,*
2023,CA-508,Santa Cruz County CoC,"Culturally Specific, Non-Binary, and/or a Different Identity",*
2023,CA-508,Santa Cruz County CoC,Transgender,*
2023,CA-509,Mendocino County CoC,Cisgender Man,672
2023,CA-509,Mendocino County CoC,Cisgender Woman,620
2023,CA-509,Mendocino County CoC,Client doesn't know,*
2023,CA-509,Mendocino County CoC,"Culturally Specific, Non-Binary, and/or a Different Identity",*
2023,CA-509,Mendocino County CoC,Transgender,*
2023,CA-510,Stanislaus County CoC,Cisgender Man,2960
2023,CA-510,Stanislaus County CoC,Cisgender Woman,2428
2023,CA-510,Stanislaus County CoC,Client doesn't know,*
2023,CA-510,Stanislaus County CoC,"Culturally Specific, Non-Binary, and/or a Different Identity",17
2023,CA-510,Stanislaus County CoC,Questioning,*
2023,CA-510,Stanislaus County CoC,Transgender,13
2023,CA-511,San Joaquin County CoC,Cisgender Man,4175
2023,CA-511,San Joaquin County CoC,Cisgender Woman,3806
2023,CA-511,San Joaquin County CoC,Client doesn't know,34
2023,CA-511,San Joaquin County CoC,"Culturally Specific, Non-Binary, and/or a Different Identity",*
2023,CA-511,San Joaquin County CoC,Questioning,*
2023,CA-511,San Joaquin County CoC,Transgender,15
2023,CA-512,San Mateo County CoC,Cisgender Man,3113
2023,CA-512,San Mateo County CoC,Cisgender Woman,2139
2023,CA-512,San Mateo County CoC,Client doesn't know,19
2023,CA-512,San Mateo County CoC,"Culturally Specific, Non-Binary, and/or a Different Identity",*
2023,CA-512,San Mateo County CoC,Transgender,16
2023,CA-513,"Kings, Tulare Counties CoC",Cisgender Man,1943
2023,CA-513,"Kings, Tulare Counties CoC",Cisgender Woman,2003
2023,CA-513,"Kings, Tulare Counties CoC","Culturally Specific, Non-Binary, and/or a Different Identity",*
2023,CA-513,"Kings, Tulare Counties CoC",Transgender,*
2023,CA-513,"Kings, Tulare Counties CoC",Unknown,*
2023,CA-514,"Fresno, Madera Counties CoC",Cisgender Man,5323
2023,CA-514,"Fresno, Madera Counties CoC",Cisgender Woman,3845
2023,CA-514,"Fresno, Madera Counties CoC",Client doesn't know,70
2023,CA-514,"Fresno, Madera Counties CoC","Culturally Specific, Non-Binary, and/or a Different Identity",16
2023,CA-514,"Fresno, Madera Counties CoC",Questioning,*
2023,CA-514,"Fresno, Madera Counties CoC",Transgender,36
2023,CA-515,Placer County CoC,Cisgender Man,1229
2023,CA-515,Placer County CoC,Cisgender Woman,1000
2023,CA-515,Placer County CoC,Client doesn't know,*
2023,CA-515,Placer County CoC,"Culturally Specific, Non-Binary, and/or a Different Identity",*
2023,CA-515,Placer County CoC,Questioning,*
2023,CA-515,Placer County CoC,Transgender,*
2023,CA-516,"Shasta, Siskiyou, Lassen, Plumas, Del Norte, Modoc, Sierra Counties CoC",Cisgender Man,991
2023,CA-516,"Shasta, Siskiyou, Lassen, Plumas, Del Norte, Modoc, Sierra Counties CoC",Cisgender Woman,965
2023,CA-516,"Shasta, Siskiyou, Lassen, Plumas, Del Norte, Modoc, Sierra Counties CoC",Client doesn't know,23
2023,CA-516,"Shasta, Siskiyou, Lassen, Plumas, Del Norte, Modoc, Sierra Counties CoC","Culturally Specific, Non-Binary, and/or a Different Identity",*
2023,CA-516,"Shasta, Siskiyou, Lassen, Plumas, Del Norte, Modoc, Sierra Counties CoC",Questioning,*
2023,CA-516,"Shasta, Siskiyou, Lassen, Plumas, Del Norte, Modoc, Sierra Counties CoC",Transgender,*
2023,CA-517,Napa County CoC,Cisgender Man,562
2023,CA-517,Napa County CoC,Cisgender Woman,370
2023,CA-517,Napa County CoC,Client doesn't know,*
2023,CA-517,Napa County CoC,"Culturally Specific, Non-Binary, and/or a Different Identity",*
2023,CA-517,Napa County CoC,Transgender,*
2023,CA-518,Solano County CoC,Cisgender Man,644
2023,CA-518,Solano County CoC,Cisgender Woman,481
2023,CA-518,Solano County CoC,Client doesn't know,*
2023,CA-518,Solano County CoC,"Culturally Specific, Non-Binary, and/or a Different Identity",*
2023,CA-518,Solano County CoC,Transgender,*
2023,CA-519,Butte County CoC,Cisgender Man,2069
2023,CA-519,Butte County CoC,Cisgender Woman,1824
2023,CA-519,Butte County CoC,Client doesn't know,102
2023,CA-519,Butte County CoC,"Culturally Specific, Non-Binary, and/or a Different Identity",12
2023,CA-519,Butte County CoC,Transgender,16
2023,CA-520,Merced County CoC,Cisgender Man,1744
2023,CA-520,Merced County CoC,Cisgender Woman,1847
2023,CA-520,Merced County CoC,"Culturally Specific, Non-Binary, and/or a Different Identity",*
2023,CA-520,Merced County CoC,Questioning,*
2023,CA-520,Merced County CoC,Transgender,*
2023,CA-521,Yolo County CoC,Cisgender Man,568
2023,CA-521,Yolo County CoC,Cisgender Woman,616
2023,CA-521,Yolo County CoC,Client doesn't know,117
2023,CA-521,Yolo County CoC,"Culturally Specific, Non-Binary, and/or a Different Identity",*
2023,CA-521,Yolo County CoC,Transgender,*
2023,CA-522,Humboldt County CoC,Cisgender Man,1213
2023,CA-522,Humboldt County CoC,Cisgender Woman,936
2023,CA-522,Humboldt County CoC,Client doesn't know,67
2023,CA-522,Humboldt County CoC,"Culturally Specific, Non-Binary, and/or a Different Identity",31
2023,CA-522,Humboldt County CoC,Questioning,*
2023,CA-522,Humboldt County CoC,Transgender,17
2023,CA-523,"Colusa, Glenn, Trinity Counties CoC",Cisgender Man,213
2023,CA-523,"Colusa, Glenn, Trinity Counties CoC",Cisgender Woman,269
2023,CA-523,"Colusa, Glenn, Trinity Counties CoC",Client doesn't know,*
2023,CA-524,"Yuba, Sutter Counties CoC",Cisgender Man,1276
2023,CA-524,"Yuba, Sutter Counties CoC",Cisgender Woman,1397
2023,CA-524,"Yuba, Sutter Counties CoC","Culturally Specific, Non-Binary, and/or a Different Identity",*
2023,CA-524,"Yuba, Sutter Counties CoC",Transgender,*
2023,CA-525,El Dorado County CoC,Cisgender Man,309
2023,CA-525,El Dorado County CoC,Cisgender Woman,244
2023,CA-525,El Dorado County CoC,"Culturally Specific, Non-Binary, and/or a Different Identity",*
2023,CA-525,El Dorado County CoC,Transgender,*
2023,CA-526,"Amador, Calaveras, Mariposa, Tuolumne Counties CoC",Cisgender Man,330
2023,CA-526,"Amador, Calaveras, Mariposa, Tuolumne Counties CoC",Cisgender Woman,382
2023,CA-526,"Amador, Calaveras, Mariposa, Tuolumne Counties CoC","Culturally Specific, Non-Binary, and/or a Different Identity",*
2023,CA-526,"Amador, Calaveras, Mariposa, Tuolumne Counties CoC",Questioning,*
2023,CA-526,"Amador, Calaveras, Mariposa, Tuolumne Counties CoC",Transgender,*
2023,CA-530,"Alpine, Inyo, Mono Counties CoC",Cisgender Man,45
2023,CA-530,"Alpine, Inyo, Mono Counties CoC",Cisgender Woman,65
2023,CA-531,Nevada County CoC,Cisgender Man,556
2023,CA-531,Nevada County CoC,Cisgender Woman,447
2023,CA-531,Nevada County CoC,Client doesn't know,15
2023,CA-531,Nevada County CoC,"Culturally Specific, Non-Binary, and/or a Different Identity",11
2023,CA-531,Nevada County CoC,Transgender,*
2023,CA-600,Los Angeles County CoC,Cisgender Man,52143
2023,CA-600,Los Angeles County CoC,Cisgender Woman,34542
2023,CA-600,Los Angeles County CoC,Client doesn't know,1307
2023,CA-600,Los Angeles County CoC,"Culturally Specific, Non-Binary, and/or a Different Identity",217
2023,CA-600,Los Angeles County CoC,Questioning,15
2023,CA-600,Los Angeles County CoC,Transgender,682
2023,CA-601,San Diego County CoC,Cisgender Man,13349
2023,CA-601,San Diego County CoC,Cisgender Woman,10219
2023,CA-601,San Diego County CoC,Client doesn't know,65
2023,CA-601,San Diego County CoC,"Culturally Specific, Non-Binary, and/or a Different Identity",69
2023,CA-601,San Diego County CoC,Questioning,*
2023,CA-601,San Diego County CoC,Transgender,140
2023,CA-602,Orange County CoC,Cisgender Man,10261
2023,CA-602,Orange County CoC,Cisgender Woman,7901
2023,CA-602,Orange County CoC,Client doesn't know,2329
2023,CA-602,Orange County CoC,"Culturally Specific, Non-Binary, and/or a Different Identity",50
2023,CA-602,Orange County CoC,Questioning,*
2023,CA-602,Orange County CoC,Transgender,53
2023,CA-603,Santa Barbara County CoC,Cisgender Man,2098
2023,CA-603,Santa Barbara County CoC,Cisgender Woman,1423
2023,CA-603,Santa Barbara County CoC,Client doesn't know,71
2023,CA-603,Santa Barbara County CoC,"Culturally Specific, Non-Binary, and/or a Different Identity",13
2023,CA-603,Santa Barbara County CoC,Questioning,*
2023,CA-603,Santa Barbara County CoC,Transgender,*
2023,CA-604,Kern County CoC,Cisgender Man,4084
2023,CA-604,Kern County CoC,Cisgender Woman,3690
2023,CA-604,Kern County CoC,Client doesn't know,*
2023,CA-604,Kern County CoC,"Culturally Specific, Non-Binary, and/or a Different Identity",12
2023,CA-604,Kern County CoC,Transgender,22
2023,CA-606,Long Beach CoC (Los Angeles County),Cisgender Man,3398
2023,CA-606,Long Beach CoC (Los Angeles County),Cisgender Woman,1983
2023,CA-606,Long Beach CoC (Los Angeles County),Client doesn't know,16
2023,CA-606,Long Beach CoC (Los Angeles County),"Culturally Specific, Non-Binary, and/or a Different Identity",13
2023,CA-606,Long Beach CoC (Los Angeles County),Questioning,*
2023,CA-606,Long Beach CoC (Los Angeles County),Transgender,23
2023,CA-607,Pasadena CoC (Los Angeles County),Cisgender Man,769
2023,CA-607,Pasadena CoC (Los Angeles County),Cisgender Woman,502
2023,CA-607,Pasadena CoC (Los Angeles County),Client doesn't know,23
2023,CA-607,Pasadena CoC (Los Angeles County),"Culturally Specific, Non-Binary, and/or a Different Identity",*
2023,CA-607,Pasadena CoC (Los Angeles County),Transgender,12
2023,CA-608,Riverside County CoC,Cisgender Man,5472
2023,CA-608,Riverside County CoC,Cisgender Woman,4689
2023,CA-608,Riverside County CoC,Client doesn't know,29
2023,CA-608,Riverside County CoC,"Culturally Specific, Non-Binary, and/or a Different Identity",21
2023,CA-608,Riverside County CoC,Questioning,*
2023,CA-608,Riverside County CoC,Transgender,65
2023,CA-609,San Bernardino County CoC,Cisgender Man,3870
2023,CA-609,San Bernardino County CoC,Cisgender Woman,3954
2023,CA-609,San Bernardino County CoC,Client doesn't know,*
2023,CA-609,San Bernardino County CoC,"Culturally Specific, Non-Binary, and/or a Different Identity",*
2023,CA-609,San Bernardino County CoC,Questioning,*
2023,CA-609,San Bernardino County CoC,Transgender,11
2023,CA-611,Ventura County CoC,Cisgender Man,1455
2023,CA-611,Ventura County CoC,Cisgender Woman,1089
2023,CA-611,Ventura County CoC,Client doesn't know,15
2023,CA-611,Ventura County CoC,"Culturally Specific, Non-Binary, and/or a Different Identity",*
2023,CA-611,Ventura County CoC,Questioning,*
2023,CA-611,Ventura County CoC,Transgender,17
2023,CA-612,Glendale CoC (Los Angeles County),Cisgender Man,387
2023,CA-612,Glendale CoC (Los Angeles County),Cisgender Woman,322
2023,CA-612,Glendale CoC (Los Angeles County),Client doesn't know,*
2023,CA-612,Glendale CoC (Los Angeles County),"Culturally Specific, Non-Binary, and/or a Different Identity",*
2023,CA-612,Glendale CoC (Los Angeles County),Transgender,12
2023,CA-613,Imperial County CoC,Cisgender Man,701
2023,CA-613,Imperial County CoC,Cisgender Woman,787
2023,CA-613,Imperial County CoC,Client doesn't know,*
2023,CA-613,Imperial County CoC,"Culturally Specific, Non-Binary, and/or a Different Identity",*
2023,CA-613,Imperial County CoC,Transgender,*
2023,CA-614,San Luis Obispo County CoC,Cisgender Man,1587
2023,CA-614,San Luis Obispo County CoC,Cisgender Woman,1274
2023,CA-614,San Luis Obispo County CoC,Client doesn't know,*
2023,CA-614,San Luis Obispo County CoC,"Culturally Specific, Non-Binary, and/or a Different Identity",*
2023,CA-614,San Luis Obispo County CoC,Transgender,*
