,Demographic Category,Specific Demographic,Fiscal Year,SO/ES/TH/SH/PH,Numerator,Denominator,Rate,Fiscal Year Start Date,Fiscal Year End Date
0,RACE,American Indian or Alaskan Native,2017,SO,0,0,0.0,2016-10-01,2017-09-30
1,RACE,Asian,2017,SO,0,0,0.0,2016-10-01,2017-09-30
2,RACE,Black or African American,2017,SO,0,0,0.0,2016-10-01,2017-09-30
3,RACE,Native Hawaiian or Other Pacific Islander,2017,SO,0,0,0.0,2016-10-01,2017-09-30
4,RACE,White,2017,SO,0,0,0.0,2016-10-01,2017-09-30
5,RACE,Client Doesn't Know or Client Refused,2017,SO,0,0,0.0,2016-10-01,2017-09-30
6,ETHNICITY,Hispanic/Latino,2017,SO,0,0,0.0,2016-10-01,2017-09-30
7,ETHNICITY,Non-Hispanic/Non-Latino,2017,SO,0,0,0.0,2016-10-01,2017-09-30
8,ETHNICITY,Client Doesn't Know or Client Refused,2017,SO,0,0,0.0,2016-10-01,2017-09-30
9,GENDER,Female,2017,SO,0,0,0.0,2016-10-01,2017-09-30
10,GENDER,Male,2017,SO,0,0,0.0,2016-10-01,2017-09-30
11,GENDER,Trans Female,2017,SO,0,0,0.0,2016-10-01,2017-09-30
12,GENDER,Trans Male,2017,SO,0,0,0.0,2016-10-01,2017-09-30
13,GENDER,Gender Non-Conforming,2017,SO,0,0,0.0,2016-10-01,2017-09-30
14,GENDER,Client Doesn't Know or Client Refused,2017,SO,0,0,0.0,2016-10-01,2017-09-30
15,VETERAN STATUS,Veteran,2017,SO,0,0,0.0,2016-10-01,2017-09-30
16,VETERAN STATUS,Not a Veteran,2017,SO,0,0,0.0,2016-10-01,2017-09-30
17,VETERAN STATUS,Client Doesn't Know or Client Refused,2017,SO,0,0,0.0,2016-10-01,2017-09-30
18,AGE CATEGORY,Adult 25-61,2017,SO,0,0,0.0,2016-10-01,2017-09-30
19,AGE CATEGORY,Adult 18-24,2017,SO,0,0,0.0,2016-10-01,2017-09-30
20,AGE CATEGORY,Elder Adult 62+,2017,SO,0,0,0.0,2016-10-01,2017-09-30
21,AGE CATEGORY,Children,2017,SO,0,0,0.0,2016-10-01,2017-09-30
22,AGE CATEGORY,Client Doesn't Know or Client Refused,2017,SO,0,0,0.0,2016-10-01,2017-09-30
23,DISABILITY STATUS,Has a Disabling Condition,2017,SO,0,0,0.0,2016-10-01,2017-09-30
24,DISABILITY STATUS,Does Not Have a Disabling Condition,2017,SO,0,0,0.0,2016-10-01,2017-09-30
25,DISABILITY STATUS,Client Doesn't Know or Client Refused,2017,SO,0,0,0.0,2016-10-01,2017-09-30
26,RACE,American Indian or Alaskan Native,2017,ES,1,3,0.33,2016-10-01,2017-09-30
27,RACE,Asian,2017,ES,0,11,0.0,2016-10-01,2017-09-30
28,RACE,Black or African American,2017,ES,57,202,0.28,2016-10-01,2017-09-30
29,RACE,Native Hawaiian or Other Pacific Islander,2017,ES,0,1,0.0,2016-10-01,2017-09-30
30,RACE,White,2017,ES,56,237,0.24,2016-10-01,2017-09-30
31,RACE,Client Doesn't Know or Client Refused,2017,ES,0,0,0.0,2016-10-01,2017-09-30
32,ETHNICITY,Hispanic/Latino,2017,ES,21,166,0.13,2016-10-01,2017-09-30
33,ETHNICITY,Non-Hispanic/Non-Latino,2017,ES,93,288,0.32,2016-10-01,2017-09-30
34,ETHNICITY,Client Doesn't Know or Client Refused,2017,ES,0,0,0.0,2016-10-01,2017-09-30
35,GENDER,Female,2017,ES,63,268,0.24,2016-10-01,2017-09-30
36,GENDER,Male,2017,ES,50,184,0.27,2016-10-01,2017-09-30
37,GENDER,Trans Female,2017,ES,1,2,0.5,2016-10-01,2017-09-30
38,GENDER,Trans Male,2017,ES,0,0,0.0,2016-10-01,2017-09-30
39,GENDER,Gender Non-Conforming,2017,ES,0,0,0.0,2016-10-01,2017-09-30
40,GENDER,Client Doesn't Know or Client Refused,2017,ES,0,0,0.0,2016-10-01,2017-09-30
41,VETERAN STATUS,Veteran,2017,ES,16,34,0.47,2016-10-01,2017-09-30
42,VETERAN STATUS,Not a Veteran,2017,ES,98,419,0.23,2016-10-01,2017-09-30
43,VETERAN STATUS,Client Doesn't Know or Client Refused,2017,ES,0,0,0.0,2016-10-01,2017-09-30
44,AGE CATEGORY,Adult 25-61,2017,ES,82,260,0.32,2016-10-01,2017-09-30
45,AGE CATEGORY,Adult 18-24,2017,ES,4,22,0.18,2016-10-01,2017-09-30
46,AGE CATEGORY,Elder Adult 62+,2017,ES,6,14,0.43,2016-10-01,2017-09-30
47,AGE CATEGORY,Children,2017,ES,22,158,0.14,2016-10-01,2017-09-30
48,AGE CATEGORY,Client Doesn't Know or Client Refused,2017,ES,0,0,0.0,2016-10-01,2017-09-30
49,DISABILITY STATUS,Has a Disabling Condition,2017,ES,53,133,0.4,2016-10-01,2017-09-30
50,DISABILITY STATUS,Does Not Have a Disabling Condition,2017,ES,61,309,0.2,2016-10-01,2017-09-30
51,DISABILITY STATUS,Client Doesn't Know or Client Refused,2017,ES,0,12,0.0,2016-10-01,2017-09-30
52,RACE,American Indian or Alaskan Native,2017,TH,0,1,0.0,2016-10-01,2017-09-30
53,RACE,Asian,2017,TH,0,0,0.0,2016-10-01,2017-09-30
54,RACE,Black or African American,2017,TH,3,59,0.05,2016-10-01,2017-09-30
55,RACE,Native Hawaiian or Other Pacific Islander,2017,TH,0,0,0.0,2016-10-01,2017-09-30
56,RACE,White,2017,TH,2,64,0.03,2016-10-01,2017-09-30
57,RACE,Client Doesn't Know or Client Refused,2017,TH,0,1,0.0,2016-10-01,2017-09-30
58,ETHNICITY,Hispanic/Latino,2017,TH,0,58,0.0,2016-10-01,2017-09-30
59,ETHNICITY,Non-Hispanic/Non-Latino,2017,TH,5,66,0.08,2016-10-01,2017-09-30
60,ETHNICITY,Client Doesn't Know or Client Refused,2017,TH,0,1,0.0,2016-10-01,2017-09-30
61,GENDER,Female,2017,TH,2,72,0.03,2016-10-01,2017-09-30
62,GENDER,Male,2017,TH,3,53,0.06,2016-10-01,2017-09-30
63,GENDER,Trans Female,2017,TH,0,0,0.0,2016-10-01,2017-09-30
64,GENDER,Trans Male,2017,TH,0,0,0.0,2016-10-01,2017-09-30
65,GENDER,Gender Non-Conforming,2017,TH,0,0,0.0,2016-10-01,2017-09-30
66,GENDER,Client Doesn't Know or Client Refused,2017,TH,0,0,0.0,2016-10-01,2017-09-30
67,VETERAN STATUS,Veteran,2017,TH,0,8,0.0,2016-10-01,2017-09-30
68,VETERAN STATUS,Not a Veteran,2017,TH,5,117,0.04,2016-10-01,2017-09-30
69,VETERAN STATUS,Client Doesn't Know or Client Refused,2017,TH,0,0,0.0,2016-10-01,2017-09-30
70,AGE CATEGORY,Adult 25-61,2017,TH,1,34,0.03,2016-10-01,2017-09-30
71,AGE CATEGORY,Adult 18-24,2017,TH,2,27,0.07,2016-10-01,2017-09-30
72,AGE CATEGORY,Elder Adult 62+,2017,TH,0,0,0.0,2016-10-01,2017-09-30
73,AGE CATEGORY,Children,2017,TH,2,64,0.03,2016-10-01,2017-09-30
74,AGE CATEGORY,Client Doesn't Know or Client Refused,2017,TH,0,0,0.0,2016-10-01,2017-09-30
75,DISABILITY STATUS,Has a Disabling Condition,2017,TH,0,20,0.0,2016-10-01,2017-09-30
76,DISABILITY STATUS,Does Not Have a Disabling Condition,2017,TH,5,104,0.05,2016-10-01,2017-09-30
77,DISABILITY STATUS,Client Doesn't Know or Client Refused,2017,TH,0,0,0.0,2016-10-01,2017-09-30
78,RACE,American Indian or Alaskan Native,2017,SH,0,3,0.0,2016-10-01,2017-09-30
79,RACE,Asian,2017,SH,0,0,0.0,2016-10-01,2017-09-30
80,RACE,Black or African American,2017,SH,2,11,0.18,2016-10-01,2017-09-30
81,RACE,Native Hawaiian or Other Pacific Islander,2017,SH,0,0,0.0,2016-10-01,2017-09-30
82,RACE,White,2017,SH,25,18,1.39,2016-10-01,2017-09-30
83,RACE,Client Doesn't Know or Client Refused,2017,SH,0,1,0.0,2016-10-01,2017-09-30
84,ETHNICITY,Hispanic/Latino,2017,SH,0,2,0.0,2016-10-01,2017-09-30
85,ETHNICITY,Non-Hispanic/Non-Latino,2017,SH,7,30,0.23,2016-10-01,2017-09-30
86,ETHNICITY,Client Doesn't Know or Client Refused,2017,SH,0,1,0.0,2016-10-01,2017-09-30
87,GENDER,Female,2017,SH,1,6,0.17,2016-10-01,2017-09-30
88,GENDER,Male,2017,SH,6,27,0.22,2016-10-01,2017-09-30
89,GENDER,Trans Female,2017,SH,0,0,0.0,2016-10-01,2017-09-30
90,GENDER,Trans Male,2017,SH,0,0,0.0,2016-10-01,2017-09-30
91,GENDER,Gender Non-Conforming,2017,SH,0,0,0.0,2016-10-01,2017-09-30
92,GENDER,Client Doesn't Know or Client Refused,2017,SH,0,0,0.0,2016-10-01,2017-09-30
93,VETERAN STATUS,Veteran,2017,SH,6,31,0.19,2016-10-01,2017-09-30
94,VETERAN STATUS,Not a Veteran,2017,SH,1,1,1.0,2016-10-01,2017-09-30
95,VETERAN STATUS,Client Doesn't Know or Client Refused,2017,SH,0,0,0.0,2016-10-01,2017-09-30
96,AGE CATEGORY,Adult 25-61,2017,SH,7,28,0.25,2016-10-01,2017-09-30
97,AGE CATEGORY,Adult 18-24,2017,SH,0,0,0.0,2016-10-01,2017-09-30
98,AGE CATEGORY,Elder Adult 62+,2017,SH,0,5,0.0,2016-10-01,2017-09-30
99,AGE CATEGORY,Children,2017,SH,0,0,0.0,2016-10-01,2017-09-30
100,AGE CATEGORY,Client Doesn't Know or Client Refused,2017,SH,0,0,0.0,2016-10-01,2017-09-30
101,DISABILITY STATUS,Has a Disabling Condition,2017,SH,6,31,0.19,2016-10-01,2017-09-30
102,DISABILITY STATUS,Does Not Have a Disabling Condition,2017,SH,1,2,0.5,2016-10-01,2017-09-30
103,DISABILITY STATUS,Client Doesn't Know or Client Refused,2017,SH,0,0,0.0,2016-10-01,2017-09-30
104,RACE,American Indian or Alaskan Native,2017,PH,0,1,0.0,2016-10-01,2017-09-30
105,RACE,Asian,2017,PH,0,4,0.0,2016-10-01,2017-09-30
106,RACE,Black or African American,2017,PH,61,396,0.15,2016-10-01,2017-09-30
107,RACE,Native Hawaiian or Other Pacific Islander,2017,PH,0,10,0.0,2016-10-01,2017-09-30
108,RACE,White,2017,PH,46,329,0.14,2016-10-01,2017-09-30
109,RACE,Client Doesn't Know or Client Refused,2017,PH,1,15,0.07,2016-10-01,2017-09-30
110,ETHNICITY,Hispanic/Latino,2017,PH,22,198,0.11,2016-10-01,2017-09-30
111,ETHNICITY,Non-Hispanic/Non-Latino,2017,PH,86,551,0.16,2016-10-01,2017-09-30
112,ETHNICITY,Client Doesn't Know or Client Refused,2017,PH,1,6,0.17,2016-10-01,2017-09-30
113,GENDER,Female,2017,PH,36,339,0.11,2016-10-01,2017-09-30
114,GENDER,Male,2017,PH,73,415,0.18,2016-10-01,2017-09-30
115,GENDER,Trans Female,2017,PH,0,1,0.0,2016-10-01,2017-09-30
116,GENDER,Trans Male,2017,PH,0,0,0.0,2016-10-01,2017-09-30
117,GENDER,Gender Non-Conforming,2017,PH,0,0,0.0,2016-10-01,2017-09-30
118,GENDER,Client Doesn't Know or Client Refused,2017,PH,0,0,0.0,2016-10-01,2017-09-30
119,VETERAN STATUS,Veteran,2017,PH,25,103,0.24,2016-10-01,2017-09-30
120,VETERAN STATUS,Not a Veteran,2017,PH,84,651,0.13,2016-10-01,2017-09-30
121,VETERAN STATUS,Client Doesn't Know or Client Refused,2017,PH,0,1,0.0,2016-10-01,2017-09-30
122,AGE CATEGORY,Adult 25-61,2017,PH,75,402,0.19,2016-10-01,2017-09-30
123,AGE CATEGORY,Adult 18-24,2017,PH,7,52,0.13,2016-10-01,2017-09-30
124,AGE CATEGORY,Elder Adult 62+,2017,PH,6,31,0.19,2016-10-01,2017-09-30
125,AGE CATEGORY,Children,2017,PH,45,270,0.17,2016-10-01,2017-09-30
126,AGE CATEGORY,Client Doesn't Know or Client Refused,2017,PH,0,0,0.0,2016-10-01,2017-09-30
127,DISABILITY STATUS,Has a Disabling Condition,2017,PH,121,321,0.38,2016-10-01,2017-09-30
128,DISABILITY STATUS,Does Not Have a Disabling Condition,2017,PH,47,432,0.11,2016-10-01,2017-09-30
129,DISABILITY STATUS,Client Doesn't Know or Client Refused,2017,PH,0,2,0.0,2016-10-01,2017-09-30
130,RACE,American Indian or Alaskan Native,2018,SO,0,0,0.0,2017-10-01,2018-09-30
131,RACE,Asian,2018,SO,0,0,0.0,2017-10-01,2018-09-30
132,RACE,Black or African American,2018,SO,0,0,0.0,2017-10-01,2018-09-30
133,RACE,Native Hawaiian or Other Pacific Islander,2018,SO,0,0,0.0,2017-10-01,2018-09-30
134,RACE,White,2018,SO,3,8,0.38,2017-10-01,2018-09-30
135,RACE,Client Doesn't Know or Client Refused,2018,SO,0,0,0.0,2017-10-01,2018-09-30
136,ETHNICITY,Hispanic/Latino,2018,SO,1,3,0.33,2017-10-01,2018-09-30
137,ETHNICITY,Non-Hispanic/Non-Latino,2018,SO,2,5,0.4,2017-10-01,2018-09-30
138,ETHNICITY,Client Doesn't Know or Client Refused,2018,SO,0,0,0.0,2017-10-01,2018-09-30
139,GENDER,Female,2018,SO,0,0,0.0,2017-10-01,2018-09-30
140,GENDER,Male,2018,SO,3,8,0.38,2017-10-01,2018-09-30
141,GENDER,Trans Female,2018,SO,0,0,0.0,2017-10-01,2018-09-30
142,GENDER,Trans Male,2018,SO,0,0,0.0,2017-10-01,2018-09-30
143,GENDER,Gender Non-Conforming,2018,SO,0,0,0.0,2017-10-01,2018-09-30
144,GENDER,Client Doesn't Know or Client Refused,2018,SO,0,0,0.0,2017-10-01,2018-09-30
145,VETERAN STATUS,Veteran,2018,SO,2,2,1.0,2017-10-01,2018-09-30
146,VETERAN STATUS,Not a Veteran,2018,SO,1,6,0.17,2017-10-01,2018-09-30
147,VETERAN STATUS,Client Doesn't Know or Client Refused,2018,SO,0,0,0.0,2017-10-01,2018-09-30
148,AGE CATEGORY,Adult 25-61,2018,SO,2,3,0.67,2017-10-01,2018-09-30
149,AGE CATEGORY,Adult 18-24,2018,SO,1,5,0.2,2017-10-01,2018-09-30
150,AGE CATEGORY,Elder Adult 62+,2018,SO,0,0,0.0,2017-10-01,2018-09-30
151,AGE CATEGORY,Children,2018,SO,0,0,0.0,2017-10-01,2018-09-30
152,AGE CATEGORY,Client Doesn't Know or Client Refused,2018,SO,0,0,0.0,2017-10-01,2018-09-30
153,DISABILITY STATUS,Has a Disabling Condition,2018,SO,2,4,0.5,2017-10-01,2018-09-30
154,DISABILITY STATUS,Does Not Have a Disabling Condition,2018,SO,1,4,0.25,2017-10-01,2018-09-30
155,DISABILITY STATUS,Client Doesn't Know or Client Refused,2018,SO,0,0,0.0,2017-10-01,2018-09-30
156,RACE,American Indian or Alaskan Native,2018,ES,2,3,0.67,2017-10-01,2018-09-30
157,RACE,Asian,2018,ES,1,8,0.13,2017-10-01,2018-09-30
158,RACE,Black or African American,2018,ES,45,261,0.17,2017-10-01,2018-09-30
159,RACE,Native Hawaiian or Other Pacific Islander,2018,ES,1,5,0.2,2017-10-01,2018-09-30
160,RACE,White,2018,ES,62,268,0.23,2017-10-01,2018-09-30
161,RACE,Client Doesn't Know or Client Refused,2018,ES,0,11,0.0,2017-10-01,2018-09-30
162,ETHNICITY,Hispanic/Latino,2018,ES,18,170,0.11,2017-10-01,2018-09-30
163,ETHNICITY,Non-Hispanic/Non-Latino,2018,ES,92,383,0.24,2017-10-01,2018-09-30
164,ETHNICITY,Client Doesn't Know or Client Refused,2018,ES,1,3,0.33,2017-10-01,2018-09-30
165,GENDER,Female,2018,ES,55,248,0.22,2017-10-01,2018-09-30
166,GENDER,Male,2018,ES,56,304,0.18,2017-10-01,2018-09-30
167,GENDER,Trans Female,2018,ES,0,2,0.0,2017-10-01,2018-09-30
168,GENDER,Trans Male,2018,ES,0,1,0.0,2017-10-01,2018-09-30
169,GENDER,Gender Non-Conforming,2018,ES,0,0,0.0,2017-10-01,2018-09-30
170,GENDER,Client Doesn't Know or Client Refused,2018,ES,0,1,0.0,2017-10-01,2018-09-30
171,VETERAN STATUS,Veteran,2018,ES,18,72,0.25,2017-10-01,2018-09-30
172,VETERAN STATUS,Not a Veteran,2018,ES,93,483,0.19,2017-10-01,2018-09-30
173,VETERAN STATUS,Client Doesn't Know or Client Refused,2018,ES,0,0,0.0,2017-10-01,2018-09-30
174,AGE CATEGORY,Adult 25-61,2018,ES,80,330,0.24,2017-10-01,2018-09-30
175,AGE CATEGORY,Adult 18-24,2018,ES,5,35,0.14,2017-10-01,2018-09-30
176,AGE CATEGORY,Elder Adult 62+,2018,ES,11,34,0.32,2017-10-01,2018-09-30
177,AGE CATEGORY,Children,2018,ES,15,157,0.1,2017-10-01,2018-09-30
178,AGE CATEGORY,Client Doesn't Know or Client Refused,2018,ES,0,0,0.0,2017-10-01,2018-09-30
179,DISABILITY STATUS,Has a Disabling Condition,2018,ES,52,172,0.3,2017-10-01,2018-09-30
180,DISABILITY STATUS,Does Not Have a Disabling Condition,2018,ES,59,379,0.16,2017-10-01,2018-09-30
181,DISABILITY STATUS,Client Doesn't Know or Client Refused,2018,ES,0,5,0.0,2017-10-01,2018-09-30
182,RACE,American Indian or Alaskan Native,2018,TH,0,0,0.0,2017-10-01,2018-09-30
183,RACE,Asian,2018,TH,0,1,0.0,2017-10-01,2018-09-30
184,RACE,Black or African American,2018,TH,13,80,0.16,2017-10-01,2018-09-30
185,RACE,Native Hawaiian or Other Pacific Islander,2018,TH,0,0,0.0,2017-10-01,2018-09-30
186,RACE,White,2018,TH,17,99,0.17,2017-10-01,2018-09-30
187,RACE,Client Doesn't Know or Client Refused,2018,TH,0,0,0.0,2017-10-01,2018-09-30
188,ETHNICITY,Hispanic/Latino,2018,TH,11,68,0.16,2017-10-01,2018-09-30
189,ETHNICITY,Non-Hispanic/Non-Latino,2018,TH,19,112,0.17,2017-10-01,2018-09-30
190,ETHNICITY,Client Doesn't Know or Client Refused,2018,TH,0,0,0.0,2017-10-01,2018-09-30
191,GENDER,Female,2018,TH,20,105,0.19,2017-10-01,2018-09-30
192,GENDER,Male,2018,TH,10,73,0.14,2017-10-01,2018-09-30
193,GENDER,Trans Female,2018,TH,0,1,0.0,2017-10-01,2018-09-30
194,GENDER,Trans Male,2018,TH,0,1,0.0,2017-10-01,2018-09-30
195,GENDER,Gender Non-Conforming,2018,TH,0,0,0.0,2017-10-01,2018-09-30
196,GENDER,Client Doesn't Know or Client Refused,2018,TH,0,0,0.0,2017-10-01,2018-09-30
197,VETERAN STATUS,Veteran,2018,TH,9,51,0.18,2017-10-01,2018-09-30
198,VETERAN STATUS,Not a Veteran,2018,TH,21,129,0.16,2017-10-01,2018-09-30
199,VETERAN STATUS,Client Doesn't Know or Client Refused,2018,TH,0,0,0.0,2017-10-01,2018-09-30
200,AGE CATEGORY,Adult 25-61,2018,TH,13,69,0.19,2017-10-01,2018-09-30
201,AGE CATEGORY,Adult 18-24,2018,TH,5,28,0.18,2017-10-01,2018-09-30
202,AGE CATEGORY,Elder Adult 62+,2018,TH,1,8,0.13,2017-10-01,2018-09-30
203,AGE CATEGORY,Children,2018,TH,11,75,0.15,2017-10-01,2018-09-30
204,AGE CATEGORY,Client Doesn't Know or Client Refused,2018,TH,0,0,0.0,2017-10-01,2018-09-30
205,DISABILITY STATUS,Has a Disabling Condition,2018,TH,6,43,0.14,2017-10-01,2018-09-30
206,DISABILITY STATUS,Does Not Have a Disabling Condition,2018,TH,24,136,0.18,2017-10-01,2018-09-30
207,DISABILITY STATUS,Client Doesn't Know or Client Refused,2018,TH,0,0,0.0,2017-10-01,2018-09-30
208,RACE,American Indian or Alaskan Native,2018,SH,0,0,0.0,2017-10-01,2018-09-30
209,RACE,Asian,2018,SH,0,0,0.0,2017-10-01,2018-09-30
210,RACE,Black or African American,2018,SH,5,12,0.42,2017-10-01,2018-09-30
211,RACE,Native Hawaiian or Other Pacific Islander,2018,SH,0,0,0.0,2017-10-01,2018-09-30
212,RACE,White,2018,SH,5,23,0.22,2017-10-01,2018-09-30
213,RACE,Client Doesn't Know or Client Refused,2018,SH,0,0,0.0,2017-10-01,2018-09-30
214,ETHNICITY,Hispanic/Latino,2018,SH,0,1,0.0,2017-10-01,2018-09-30
215,ETHNICITY,Non-Hispanic/Non-Latino,2018,SH,10,34,0.29,2017-10-01,2018-09-30
216,ETHNICITY,Client Doesn't Know or Client Refused,2018,SH,0,0,0.0,2017-10-01,2018-09-30
217,GENDER,Female,2018,SH,0,0,0.0,2017-10-01,2018-09-30
218,GENDER,Male,2018,SH,10,35,0.29,2017-10-01,2018-09-30
219,GENDER,Trans Female,2018,SH,10,0,0.0,2017-10-01,2018-09-30
220,GENDER,Trans Male,2018,SH,0,0,0.0,2017-10-01,2018-09-30
221,GENDER,Gender Non-Conforming,2018,SH,0,0,0.0,2017-10-01,2018-09-30
222,GENDER,Client Doesn't Know or Client Refused,2018,SH,0,0,0.0,2017-10-01,2018-09-30
223,VETERAN STATUS,Veteran,2018,SH,10,35,0.29,2017-10-01,2018-09-30
224,VETERAN STATUS,Not a Veteran,2018,SH,0,0,0.0,2017-10-01,2018-09-30
225,VETERAN STATUS,Client Doesn't Know or Client Refused,2018,SH,0,0,0.0,2017-10-01,2018-09-30
226,AGE CATEGORY,Adult 25-61,2018,SH,6,26,0.23,2017-10-01,2018-09-30
227,AGE CATEGORY,Adult 18-24,2018,SH,0,0,0.0,2017-10-01,2018-09-30
228,AGE CATEGORY,Elder Adult 62+,2018,SH,4,9,0.44,2017-10-01,2018-09-30
229,AGE CATEGORY,Children,2018,SH,0,0,0.0,2017-10-01,2018-09-30
230,AGE CATEGORY,Client Doesn't Know or Client Refused,2018,SH,0,0,0.0,2017-10-01,2018-09-30
231,DISABILITY STATUS,Has a Disabling Condition,2018,SH,9,30,0.3,2017-10-01,2018-09-30
232,DISABILITY STATUS,Does Not Have a Disabling Condition,2018,SH,1,5,0.2,2017-10-01,2018-09-30
233,DISABILITY STATUS,Client Doesn't Know or Client Refused,2018,SH,0,0,0.0,2017-10-01,2018-09-30
234,RACE,American Indian or Alaskan Native,2018,PH,0,5,0.0,2017-10-01,2018-09-30
235,RACE,Asian,2018,PH,0,2,0.0,2017-10-01,2018-09-30
236,RACE,Black or African American,2018,PH,86,387,0.22,2017-10-01,2018-09-30
237,RACE,Native Hawaiian or Other Pacific Islander,2018,PH,0,3,0.0,2017-10-01,2018-09-30
238,RACE,White,2018,PH,58,368,0.16,2017-10-01,2018-09-30
239,RACE,Client Doesn't Know or Client Refused,2018,PH,0,8,0.0,2017-10-01,2018-09-30
240,ETHNICITY,Hispanic/Latino,2018,PH,24,215,0.11,2017-10-01,2018-09-30
241,ETHNICITY,Non-Hispanic/Non-Latino,2018,PH,120,557,0.22,2017-10-01,2018-09-30
242,ETHNICITY,Client Doesn't Know or Client Refused,2018,PH,0,1,0.0,2017-10-01,2018-09-30
243,GENDER,Female,2018,PH,40,337,0.12,2017-10-01,2018-09-30
244,GENDER,Male,2018,PH,104,436,0.24,2017-10-01,2018-09-30
245,GENDER,Trans Female,2018,PH,0,0,0.0,2017-10-01,2018-09-30
246,GENDER,Trans Male,2018,PH,0,0,0.0,2017-10-01,2018-09-30
247,GENDER,Gender Non-Conforming,2018,PH,0,0,0.0,2017-10-01,2018-09-30
248,GENDER,Client Doesn't Know or Client Refused,2018,PH,0,0,0.0,2017-10-01,2018-09-30
249,VETERAN STATUS,Veteran,2018,PH,58,199,0.29,2017-10-01,2018-09-30
250,VETERAN STATUS,Not a Veteran,2018,PH,86,574,0.15,2017-10-01,2018-09-30
251,VETERAN STATUS,Client Doesn't Know or Client Refused,2018,PH,0,0,0.0,2017-10-01,2018-09-30
252,AGE CATEGORY,Adult 25-61,2018,PH,98,444,0.22,2017-10-01,2018-09-30
253,AGE CATEGORY,Adult 18-24,2018,PH,7,23,0.3,2017-10-01,2018-09-30
254,AGE CATEGORY,Elder Adult 62+,2018,PH,10,39,0.26,2017-10-01,2018-09-30
255,AGE CATEGORY,Children,2018,PH,29,267,0.11,2017-10-01,2018-09-30
256,AGE CATEGORY,Client Doesn't Know or Client Refused,2018,PH,0,0,0.0,2017-10-01,2018-09-30
257,DISABILITY STATUS,Has a Disabling Condition,2018,PH,90,376,0.24,2017-10-01,2018-09-30
258,DISABILITY STATUS,Does Not Have a Disabling Condition,2018,PH,53,395,0.13,2017-10-01,2018-09-30
259,DISABILITY STATUS,Client Doesn't Know or Client Refused,2018,PH,1,2,0.5,2017-10-01,2018-09-30
260,RACE,American Indian or Alaskan Native,2019,SO,0,0,0.0,2018-10-01,2019-09-30
261,RACE,Asian,2019,SO,0,0,0.0,2018-10-01,2019-09-30
262,RACE,Black or African American,2019,SO,1,3,0.33,2018-10-01,2019-09-30
263,RACE,Native Hawaiian or Other Pacific Islander,2019,SO,0,0,0.0,2018-10-01,2019-09-30
264,RACE,White,2019,SO,3,7,0.43,2018-10-01,2019-09-30
265,RACE,Client Doesn't Know or Client Refused,2019,SO,0,0,0.0,2018-10-01,2019-09-30
266,ETHNICITY,Hispanic/Latino,2019,SO,2,2,1.0,2018-10-01,2019-09-30
267,ETHNICITY,Non-Hispanic/Non-Latino,2019,SO,2,8,0.25,2018-10-01,2019-09-30
268,ETHNICITY,Client Doesn't Know or Client Refused,2019,SO,0,0,0.0,2018-10-01,2019-09-30
269,GENDER,Female,2019,SO,2,5,0.4,2018-10-01,2019-09-30
270,GENDER,Male,2019,SO,2,5,0.4,2018-10-01,2019-09-30
271,GENDER,Trans Female,2019,SO,0,0,0.0,2018-10-01,2019-09-30
272,GENDER,Trans Male,2019,SO,0,0,0.0,2018-10-01,2019-09-30
273,GENDER,Gender Non-Conforming,2019,SO,0,0,0.0,2018-10-01,2019-09-30
274,GENDER,Client Doesn't Know or Client Refused,2019,SO,0,0,0.0,2018-10-01,2019-09-30
275,VETERAN STATUS,Veteran,2019,SO,0,0,0.0,2018-10-01,2019-09-30
276,VETERAN STATUS,Not a Veteran,2019,SO,3,9,0.33,2018-10-01,2019-09-30
277,VETERAN STATUS,Client Doesn't Know or Client Refused,2019,SO,0,0,0.0,2018-10-01,2019-09-30
278,AGE CATEGORY,Adult 25-61,2019,SO,3,6,0.5,2018-10-01,2019-09-30
279,AGE CATEGORY,Adult 18-24,2019,SO,0,3,0.0,2018-10-01,2019-09-30
280,AGE CATEGORY,Elder Adult 62+,2019,SO,1,1,1.0,2018-10-01,2019-09-30
281,AGE CATEGORY,Children,2019,SO,0,0,0.0,2018-10-01,2019-09-30
282,AGE CATEGORY,Client Doesn't Know or Client Refused,2019,SO,0,0,0.0,2018-10-01,2019-09-30
283,DISABILITY STATUS,Has a Disabling Condition,2019,SO,4,9,0.44,2018-10-01,2019-09-30
284,DISABILITY STATUS,Does Not Have a Disabling Condition,2019,SO,0,1,0.0,2018-10-01,2019-09-30
285,DISABILITY STATUS,Client Doesn't Know or Client Refused,2019,SO,0,0,0.0,2018-10-01,2019-09-30
286,RACE,American Indian or Alaskan Native,2019,ES,1,4,0.25,2018-10-01,2019-09-30
287,RACE,Asian,2019,ES,0,2,0.0,2018-10-01,2019-09-30
288,RACE,Black or African American,2019,ES,47,322,0.15,2018-10-01,2019-09-30
289,RACE,Native Hawaiian or Other Pacific Islander,2019,ES,0,3,0.0,2018-10-01,2019-09-30
290,RACE,White,2019,ES,59,227,0.26,2018-10-01,2019-09-30
291,RACE,Client Doesn't Know or Client Refused,2019,ES,1,3,0.33,2018-10-01,2019-09-30
292,ETHNICITY,Hispanic/Latino,2019,ES,38,165,0.23,2018-10-01,2019-09-30
293,ETHNICITY,Non-Hispanic/Non-Latino,2019,ES,70,395,0.18,2018-10-01,2019-09-30
294,ETHNICITY,Client Doesn't Know or Client Refused,2019,ES,0,1,0.0,2018-10-01,2019-09-30
295,GENDER,Female,2019,ES,61,285,0.21,2018-10-01,2019-09-30
296,GENDER,Male,2019,ES,45,272,0.17,2018-10-01,2019-09-30
297,GENDER,Trans Female,2019,ES,1,2,0.5,2018-10-01,2019-09-30
298,GENDER,Trans Male,2019,ES,1,2,0.5,2018-10-01,2019-09-30
299,GENDER,Gender Non-Conforming,2019,ES,0,0,0.0,2018-10-01,2019-09-30
300,GENDER,Client Doesn't Know or Client Refused,2019,ES,0,0,0.0,2018-10-01,2019-09-30
301,VETERAN STATUS,Veteran,2019,ES,17,49,0.35,2018-10-01,2019-09-30
302,VETERAN STATUS,Not a Veteran,2019,ES,91,511,0.18,2018-10-01,2019-09-30
303,VETERAN STATUS,Client Doesn't Know or Client Refused,2019,ES,0,0,0.0,2018-10-01,2019-09-30
304,AGE CATEGORY,Adult 25-61,2019,ES,68,310,0.22,2018-10-01,2019-09-30
305,AGE CATEGORY,Adult 18-24,2019,ES,7,36,0.19,2018-10-01,2019-09-30
306,AGE CATEGORY,Elder Adult 62+,2019,ES,5,14,0.36,2018-10-01,2019-09-30
307,AGE CATEGORY,Children,2019,ES,28,201,0.14,2018-10-01,2019-09-30
308,AGE CATEGORY,Client Doesn't Know or Client Refused,2019,ES,0,0,0.0,2018-10-01,2019-09-30
309,DISABILITY STATUS,Has a Disabling Condition,2019,ES,47,159,0.3,2018-10-01,2019-09-30
310,DISABILITY STATUS,Does Not Have a Disabling Condition,2019,ES,61,402,0.15,2018-10-01,2019-09-30
311,DISABILITY STATUS,Client Doesn't Know or Client Refused,2019,ES,0,0,0.0,2018-10-01,2019-09-30
312,RACE,American Indian or Alaskan Native,2019,TH,0,0,0.0,2018-10-01,2019-09-30
313,RACE,Asian,2019,TH,0,1,0.0,2018-10-01,2019-09-30
314,RACE,Black or African American,2019,TH,8,56,0.14,2018-10-01,2019-09-30
315,RACE,Native Hawaiian or Other Pacific Islander,2019,TH,0,0,0.0,2018-10-01,2019-09-30
316,RACE,White,2019,TH,9,57,0.16,2018-10-01,2019-09-30
317,RACE,Client Doesn't Know or Client Refused,2019,TH,0,0,0.0,2018-10-01,2019-09-30
318,ETHNICITY,Hispanic/Latino,2019,TH,6,33,0.18,2018-10-01,2019-09-30
319,ETHNICITY,Non-Hispanic/Non-Latino,2019,TH,11,80,0.14,2018-10-01,2019-09-30
320,ETHNICITY,Client Doesn't Know or Client Refused,2019,TH,0,1,0.0,2018-10-01,2019-09-30
321,GENDER,Female,2019,TH,8,46,0.17,2018-10-01,2019-09-30
322,GENDER,Male,2019,TH,9,68,0.13,2018-10-01,2019-09-30
323,GENDER,Trans Female,2019,TH,0,0,0.0,2018-10-01,2019-09-30
324,GENDER,Trans Male,2019,TH,0,0,0.0,2018-10-01,2019-09-30
325,GENDER,Gender Non-Conforming,2019,TH,0,0,0.0,2018-10-01,2019-09-30
326,GENDER,Client Doesn't Know or Client Refused,2019,TH,0,0,0.0,2018-10-01,2019-09-30
327,VETERAN STATUS,Veteran,2019,TH,8,47,0.17,2018-10-01,2019-09-30
328,VETERAN STATUS,Not a Veteran,2019,TH,9,67,0.13,2018-10-01,2019-09-30
329,VETERAN STATUS,Client Doesn't Know or Client Refused,2019,TH,0,0,0.0,2018-10-01,2019-09-30
330,AGE CATEGORY,Adult 25-61,2019,TH,2,22,0.09,2018-10-01,2019-09-30
331,AGE CATEGORY,Adult 18-24,2019,TH,10,47,0.21,2018-10-01,2019-09-30
332,AGE CATEGORY,Elder Adult 62+,2019,TH,0,8,0.0,2018-10-01,2019-09-30
333,AGE CATEGORY,Children,2019,TH,5,37,0.14,2018-10-01,2019-09-30
334,AGE CATEGORY,Client Doesn't Know or Client Refused,2019,TH,0,0,0.0,2018-10-01,2019-09-30
335,DISABILITY STATUS,Has a Disabling Condition,2019,TH,3,32,0.09,2018-10-01,2019-09-30
336,DISABILITY STATUS,Does Not Have a Disabling Condition,2019,TH,14,82,0.17,2018-10-01,2019-09-30
337,DISABILITY STATUS,Client Doesn't Know or Client Refused,2019,TH,0,0,0.0,2018-10-01,2019-09-30
338,RACE,American Indian or Alaskan Native,2019,SH,0,0,0.0,2018-10-01,2019-09-30
339,RACE,Asian,2019,SH,0,1,0.0,2018-10-01,2019-09-30
340,RACE,Black or African American,2019,SH,3,7,0.43,2018-10-01,2019-09-30
341,RACE,Native Hawaiian or Other Pacific Islander,2019,SH,0,0,0.0,2018-10-01,2019-09-30
342,RACE,White,2019,SH,2,22,0.09,2018-10-01,2019-09-30
343,RACE,Client Doesn't Know or Client Refused,2019,SH,0,0,0.0,2018-10-01,2019-09-30
344,ETHNICITY,Hispanic/Latino,2019,SH,0,3,0.0,2018-10-01,2019-09-30
345,ETHNICITY,Non-Hispanic/Non-Latino,2019,SH,5,27,0.19,2018-10-01,2019-09-30
346,ETHNICITY,Client Doesn't Know or Client Refused,2019,SH,0,0,0.0,2018-10-01,2019-09-30
347,GENDER,Female,2019,SH,0,0,0.0,2018-10-01,2019-09-30
348,GENDER,Male,2019,SH,5,30,0.17,2018-10-01,2019-09-30
349,GENDER,Trans Female,2019,SH,0,0,0.0,2018-10-01,2019-09-30
350,GENDER,Trans Male,2019,SH,0,0,0.0,2018-10-01,2019-09-30
351,GENDER,Gender Non-Conforming,2019,SH,0,0,0.0,2018-10-01,2019-09-30
352,GENDER,Client Doesn't Know or Client Refused,2019,SH,0,0,0.0,2018-10-01,2019-09-30
353,VETERAN STATUS,Veteran,2019,SH,5,30,0.17,2018-10-01,2019-09-30
354,VETERAN STATUS,Not a Veteran,2019,SH,0,0,0.0,2018-10-01,2019-09-30
355,VETERAN STATUS,Client Doesn't Know or Client Refused,2019,SH,0,0,0.0,2018-10-01,2019-09-30
356,AGE CATEGORY,Adult 25-61,2019,SH,5,26,0.19,2018-10-01,2019-09-30
357,AGE CATEGORY,Adult 18-24,2019,SH,0,0,0.0,2018-10-01,2019-09-30
358,AGE CATEGORY,Elder Adult 62+,2019,SH,0,4,0.0,2018-10-01,2019-09-30
359,AGE CATEGORY,Children,2019,SH,0,0,0.0,2018-10-01,2019-09-30
360,AGE CATEGORY,Client Doesn't Know or Client Refused,2019,SH,0,0,0.0,2018-10-01,2019-09-30
361,DISABILITY STATUS,Has a Disabling Condition,2019,SH,4,27,0.15,2018-10-01,2019-09-30
362,DISABILITY STATUS,Does Not Have a Disabling Condition,2019,SH,1,3,0.33,2018-10-01,2019-09-30
363,DISABILITY STATUS,Client Doesn't Know or Client Refused,2019,SH,0,0,0.0,2018-10-01,2019-09-30
364,RACE,American Indian or Alaskan Native,2019,PH,2,9,0.22,2018-10-01,2019-09-30
365,RACE,Asian,2019,PH,0,3,0.0,2018-10-01,2019-09-30
366,RACE,Black or African American,2019,PH,62,358,0.17,2018-10-01,2019-09-30
367,RACE,Native Hawaiian or Other Pacific Islander,2019,PH,0,0,0.0,2018-10-01,2019-09-30
368,RACE,White,2019,PH,54,422,0.13,2018-10-01,2019-09-30
369,RACE,Client Doesn't Know or Client Refused,2019,PH,0,5,0.0,2018-10-01,2019-09-30
370,ETHNICITY,Hispanic/Latino,2019,PH,22,203,0.11,2018-10-01,2019-09-30
371,ETHNICITY,Non-Hispanic/Non-Latino,2019,PH,96,594,0.16,2018-10-01,2019-09-30
372,ETHNICITY,Client Doesn't Know or Client Refused,2019,PH,0,0,0.0,2018-10-01,2019-09-30
373,GENDER,Female,2019,PH,27,307,0.09,2018-10-01,2019-09-30
374,GENDER,Male,2019,PH,90,484,0.19,2018-10-01,2019-09-30
375,GENDER,Trans Female,2019,PH,1,5,0.2,2018-10-01,2019-09-30
376,GENDER,Trans Male,2019,PH,0,1,0.0,2018-10-01,2019-09-30
377,GENDER,Gender Non-Conforming,2019,PH,0,0,0.0,2018-10-01,2019-09-30
378,GENDER,Client Doesn't Know or Client Refused,2019,PH,0,0,0.0,2018-10-01,2019-09-30
379,VETERAN STATUS,Veteran,2019,PH,44,205,0.21,2018-10-01,2019-09-30
380,VETERAN STATUS,Not a Veteran,2019,PH,74,588,0.13,2018-10-01,2019-09-30
381,VETERAN STATUS,Client Doesn't Know or Client Refused,2019,PH,0,0,0.0,2018-10-01,2019-09-30
382,AGE CATEGORY,Adult 25-61,2019,PH,89,475,0.19,2018-10-01,2019-09-30
383,AGE CATEGORY,Adult 18-24,2019,PH,8,43,0.19,2018-10-01,2019-09-30
384,AGE CATEGORY,Elder Adult 62+,2019,PH,10,58,0.17,2018-10-01,2019-09-30
385,AGE CATEGORY,Children,2019,PH,11,222,0.05,2018-10-01,2019-09-30
386,AGE CATEGORY,Client Doesn't Know or Client Refused,2019,PH,0,0,0.0,2018-10-01,2019-09-30
387,DISABILITY STATUS,Has a Disabling Condition,2019,PH,76,439,0.17,2018-10-01,2019-09-30
388,DISABILITY STATUS,Does Not Have a Disabling Condition,2019,PH,42,354,0.12,2018-10-01,2019-09-30
389,DISABILITY STATUS,Client Doesn't Know or Client Refused,2019,PH,0,2,0.0,2018-10-01,2019-09-30
390,RACE,AmIndAKNative,2020,ES,0,1,0.0,2019-10-01,2020-09-30
391,RACE,Asian,2020,ES,1,8,0.13,2019-10-01,2020-09-30
392,RACE,BlackAfAmerican,2020,ES,68,420,0.16,2019-10-01,2020-09-30
393,RACE,NativeHIOtherPacific,2020,ES,0,2,0.0,2019-10-01,2020-09-30
394,RACE,Two or more races,2020,ES,14,42,0.33,2019-10-01,2020-09-30
395,RACE,Unknown,2020,ES,0,3,0.0,2019-10-01,2020-09-30
396,RACE,White,2020,ES,76,398,0.19,2019-10-01,2020-09-30
397,RACE,AmIndAKNative,2020,PH,0,12,0.0,2019-10-01,2020-09-30
398,RACE,Asian,2020,PH,0,1,0.0,2019-10-01,2020-09-30
399,RACE,BlackAfAmerican,2020,PH,52,256,0.2,2019-10-01,2020-09-30
400,RACE,Two or more races,2020,PH,13,59,0.22,2019-10-01,2020-09-30
401,RACE,Unknown,2020,PH,1,35,0.03,2019-10-01,2020-09-30
402,RACE,White,2020,PH,40,297,0.13,2019-10-01,2020-09-30
403,RACE,AmIndAKNative,2020,SH,0,1,0.0,2019-10-01,2020-09-30
404,RACE,BlackAfAmerican,2020,SH,2,5,0.4,2019-10-01,2020-09-30
405,RACE,Two or more races,2020,SH,0,6,0.0,2019-10-01,2020-09-30
406,RACE,Unknown,2020,SH,0,1,0.0,2019-10-01,2020-09-30
407,RACE,White,2020,SH,7,21,0.33,2019-10-01,2020-09-30
408,RACE,AmIndAKNative,2020,SO,0,1,0.0,2019-10-01,2020-09-30
409,RACE,BlackAfAmerican,2020,SO,2,8,0.25,2019-10-01,2020-09-30
410,RACE,Two or more races,2020,SO,1,3,0.33,2019-10-01,2020-09-30
411,RACE,Unknown,2020,SO,1,2,0.5,2019-10-01,2020-09-30
412,RACE,White,2020,SO,8,27,0.3,2019-10-01,2020-09-30
413,RACE,BlackAfAmerican,2020,TH,19,58,0.33,2019-10-01,2020-09-30
414,RACE,Two or more races,2020,TH,0,10,0.0,2019-10-01,2020-09-30
415,RACE,Unknown,2020,TH,0,2,0.0,2019-10-01,2020-09-30
416,RACE,White,2020,TH,6,71,0.08,2019-10-01,2020-09-30
417,ETHNICITY,Hispanic/Latino,2020,ES,57,305,0.19,2019-10-01,2020-09-30
418,ETHNICITY,Non-Hispanic/Non-Latino,2020,ES,102,568,0.18,2019-10-01,2020-09-30
419,ETHNICITY,Unknown,2020,ES,0,1,0.0,2019-10-01,2020-09-30
420,ETHNICITY,Hispanic/Latino,2020,PH,21,163,0.13,2019-10-01,2020-09-30
421,ETHNICITY,Non-Hispanic/Non-Latino,2020,PH,84,472,0.18,2019-10-01,2020-09-30
422,ETHNICITY,Unknown,2020,PH,1,25,0.04,2019-10-01,2020-09-30
423,ETHNICITY,Hispanic/Latino,2020,SH,0,6,0.0,2019-10-01,2020-09-30
424,ETHNICITY,Non-Hispanic/Non-Latino,2020,SH,9,28,0.32,2019-10-01,2020-09-30
425,ETHNICITY,Hispanic/Latino,2020,SO,4,13,0.31,2019-10-01,2020-09-30
426,ETHNICITY,Non-Hispanic/Non-Latino,2020,SO,8,28,0.29,2019-10-01,2020-09-30
427,ETHNICITY,Hispanic/Latino,2020,TH,2,48,0.04,2019-10-01,2020-09-30
428,ETHNICITY,Non-Hispanic/Non-Latino,2020,TH,23,92,0.25,2019-10-01,2020-09-30
429,ETHNICITY,Unknown,2020,TH,0,1,0.0,2019-10-01,2020-09-30
430,GENDER,Female,2020,ES,66,385,0.17,2019-10-01,2020-09-30
431,GENDER,Gender non-conforming,2020,ES,0,1,0.0,2019-10-01,2020-09-30
432,GENDER,Male,2020,ES,91,484,0.19,2019-10-01,2020-09-30
433,GENDER,Trans Female,2020,ES,2,4,0.5,2019-10-01,2020-09-30
434,GENDER,Female,2020,PH,43,257,0.17,2019-10-01,2020-09-30
435,GENDER,Male,2020,PH,63,377,0.17,2019-10-01,2020-09-30
436,GENDER,Trans Female,2020,PH,0,4,0.0,2019-10-01,2020-09-30
437,GENDER,Unknown,2020,PH,0,22,0.0,2019-10-01,2020-09-30
438,GENDER,Gender non-conforming,2020,SH,0,1,0.0,2019-10-01,2020-09-30
439,GENDER,Male,2020,SH,9,32,0.28,2019-10-01,2020-09-30
440,GENDER,Trans Female,2020,SH,0,1,0.0,2019-10-01,2020-09-30
441,GENDER,Female,2020,SO,2,14,0.14,2019-10-01,2020-09-30
442,GENDER,Male,2020,SO,9,26,0.35,2019-10-01,2020-09-30
443,GENDER,Trans Male,2020,SO,1,1,1.0,2019-10-01,2020-09-30
444,GENDER,Female,2020,TH,10,67,0.15,2019-10-01,2020-09-30
445,GENDER,Male,2020,TH,15,74,0.2,2019-10-01,2020-09-30
446,VETERAN,No,2020,ES,145,801,0.18,2019-10-01,2020-09-30
447,VETERAN,Unknown,2020,ES,0,1,0.0,2019-10-01,2020-09-30
448,VETERAN,Yes,2020,ES,14,72,0.19,2019-10-01,2020-09-30
449,VETERAN,No,2020,PH,64,461,0.14,2019-10-01,2020-09-30
450,VETERAN,Unknown,2020,PH,0,23,0.0,2019-10-01,2020-09-30
451,VETERAN,Yes,2020,PH,42,176,0.24,2019-10-01,2020-09-30
452,VETERAN,Unknown,2020,SH,0,1,0.0,2019-10-01,2020-09-30
453,VETERAN,Yes,2020,SH,9,33,0.27,2019-10-01,2020-09-30
454,VETERAN,No,2020,SO,11,33,0.33,2019-10-01,2020-09-30
455,VETERAN,Unknown,2020,SO,0,4,0.0,2019-10-01,2020-09-30
456,VETERAN,Yes,2020,SO,1,4,0.25,2019-10-01,2020-09-30
457,VETERAN,No,2020,TH,15,97,0.15,2019-10-01,2020-09-30
458,VETERAN,Yes,2020,TH,10,44,0.23,2019-10-01,2020-09-30
459,AGE,Adult under 62,2020,ES,113,521,0.22,2019-10-01,2020-09-30
460,AGE,Children,2020,ES,25,238,0.11,2019-10-01,2020-09-30
461,AGE,Elder Adult,2020,ES,11,43,0.26,2019-10-01,2020-09-30
462,AGE,Young Adult,2020,ES,10,72,0.14,2019-10-01,2020-09-30
463,AGE,Adult under 62,2020,PH,68,344,0.2,2019-10-01,2020-09-30
464,AGE,Children,2020,PH,20,174,0.11,2019-10-01,2020-09-30
465,AGE,Elder Adult,2020,PH,10,76,0.13,2019-10-01,2020-09-30
466,AGE,Unknown,2020,PH,0,22,0.0,2019-10-01,2020-09-30
467,AGE,Young Adult,2020,PH,8,44,0.18,2019-10-01,2020-09-30
468,AGE,Adult under 62,2020,SH,8,23,0.35,2019-10-01,2020-09-30
469,AGE,Elder Adult,2020,SH,1,11,0.09,2019-10-01,2020-09-30
470,AGE,Adult under 62,2020,SO,4,24,0.17,2019-10-01,2020-09-30
471,AGE,Elder Adult,2020,SO,3,6,0.5,2019-10-01,2020-09-30
472,AGE,Young Adult,2020,SO,5,11,0.45,2019-10-01,2020-09-30
473,AGE,Adult under 62,2020,TH,12,64,0.19,2019-10-01,2020-09-30
474,AGE,Children,2020,TH,8,50,0.16,2019-10-01,2020-09-30
475,AGE,Elder Adult,2020,TH,0,6,0.0,2019-10-01,2020-09-30
476,AGE,Young Adult,2020,TH,5,21,0.24,2019-10-01,2020-09-30
477,DISABILITY,No,2020,ES,81,564,0.14,2019-10-01,2020-09-30
478,DISABILITY,Yes,2020,ES,78,310,0.25,2019-10-01,2020-09-30
479,DISABILITY,No,2020,PH,42,272,0.15,2019-10-01,2020-09-30
480,DISABILITY,Unknown,2020,PH,1,30,0.03,2019-10-01,2020-09-30
481,DISABILITY,Yes,2020,PH,63,358,0.18,2019-10-01,2020-09-30
482,DISABILITY,No,2020,SH,0,2,0.0,2019-10-01,2020-09-30
483,DISABILITY,Yes,2020,SH,9,32,0.28,2019-10-01,2020-09-30
484,DISABILITY,No,2020,SO,2,7,0.29,2019-10-01,2020-09-30
485,DISABILITY,Unknown,2020,SO,3,10,0.3,2019-10-01,2020-09-30
486,DISABILITY,Yes,2020,SO,7,24,0.29,2019-10-01,2020-09-30
487,DISABILITY,No,2020,TH,6,36,0.17,2019-10-01,2020-09-30
488,DISABILITY,Unknown,2020,TH,12,78,0.15,2019-10-01,2020-09-30
489,DISABILITY,Yes,2020,TH,7,27,0.26,2019-10-01,2020-09-30
490,RACE,AmIndAKNative,2021,ES,4,10,0.4,2020-10-01,2021-09-30
491,RACE,Asian,2021,ES,0,5,0.0,2020-10-01,2021-09-30
492,RACE,BlackAfAmerican,2021,ES,88,470,0.19,2020-10-01,2021-09-30
493,RACE,NativeHIPacific,2021,ES,2,3,0.67,2020-10-01,2021-09-30
494,RACE,Two or more races,2021,ES,21,52,0.4,2020-10-01,2021-09-30
495,RACE,Unknown,2021,ES,3,6,0.5,2020-10-01,2021-09-30
496,RACE,White,2021,ES,115,475,0.24,2020-10-01,2021-09-30
497,RACE,AmIndAKNative,2021,PH,3,17,0.18,2020-10-01,2021-09-30
498,RACE,Asian,2021,PH,2,4,0.5,2020-10-01,2021-09-30
499,RACE,BlackAfAmerican,2021,PH,62,356,0.17,2020-10-01,2021-09-30
500,RACE,NativeHIPacific,2021,PH,0,2,0.0,2020-10-01,2021-09-30
501,RACE,Two or more races,2021,PH,8,55,0.15,2020-10-01,2021-09-30
502,RACE,Unknown,2021,PH,1,7,0.14,2020-10-01,2021-09-30
503,RACE,White,2021,PH,44,380,0.12,2020-10-01,2021-09-30
504,RACE,BlackAfAmerican,2021,SH,1,5,0.2,2020-10-01,2021-09-30
505,RACE,Two or more races,2021,SH,1,2,0.5,2020-10-01,2021-09-30
506,RACE,White,2021,SH,0,17,0.0,2020-10-01,2021-09-30
507,RACE,BlackAfAmerican,2021,SO,6,17,0.35,2020-10-01,2021-09-30
508,RACE,Two or more races,2021,SO,4,8,0.5,2020-10-01,2021-09-30
509,RACE,Unknown,2021,SO,0,3,0.0,2020-10-01,2021-09-30
510,RACE,White,2021,SO,14,37,0.38,2020-10-01,2021-09-30
511,RACE,AmIndAKNative,2021,TH,0,4,0.0,2020-10-01,2021-09-30
512,RACE,Asian,2021,TH,0,1,0.0,2020-10-01,2021-09-30
513,RACE,BlackAfAmerican,2021,TH,8,121,0.07,2020-10-01,2021-09-30
514,RACE,NativeHIPacific,2021,TH,0,1,0.0,2020-10-01,2021-09-30
515,RACE,Two or more races,2021,TH,2,27,0.07,2020-10-01,2021-09-30
516,RACE,Unknown,2021,TH,2,3,0.67,2020-10-01,2021-09-30
517,RACE,White,2021,TH,7,69,0.1,2020-10-01,2021-09-30
518,ETHNICITY,Hispanic/Latino,2021,ES,53,304,0.17,2020-10-01,2021-09-30
519,ETHNICITY,Non-Hispanic/Non-Latino,2021,ES,176,712,0.25,2020-10-01,2021-09-30
520,ETHNICITY,Unknown,2021,ES,4,5,0.8,2020-10-01,2021-09-30
521,ETHNICITY,Hispanic/Latino,2021,PH,18,216,0.08,2020-10-01,2021-09-30
522,ETHNICITY,Non-Hispanic/Non-Latino,2021,PH,101,598,0.17,2020-10-01,2021-09-30
523,ETHNICITY,Unknown,2021,PH,1,7,0.14,2020-10-01,2021-09-30
524,ETHNICITY,Hispanic/Latino,2021,SH,0,3,0.0,2020-10-01,2021-09-30
525,ETHNICITY,Non-Hispanic/Non-Latino,2021,SH,2,21,0.1,2020-10-01,2021-09-30
526,ETHNICITY,Hispanic/Latino,2021,SO,8,20,0.4,2020-10-01,2021-09-30
527,ETHNICITY,Non-Hispanic/Non-Latino,2021,SO,16,43,0.37,2020-10-01,2021-09-30
528,ETHNICITY,Unknown,2021,SO,0,2,0.0,2020-10-01,2021-09-30
529,ETHNICITY,Hispanic/Latino,2021,TH,2,56,0.04,2020-10-01,2021-09-30
530,ETHNICITY,Non-Hispanic/Non-Latino,2021,ES,17,170,0.1,2020-10-01,2021-09-30
531,GENDER,Female,2021,ES,106,505,0.21,2020-10-01,2021-09-30
532,GENDER,Male,2021,ES,126,514,0.25,2020-10-01,2021-09-30
533,GENDER,No Single Gender,2021,ES,0,1,0.0,2020-10-01,2021-09-30
534,GENDER,Unknown,2021,ES,1,1,1.0,2020-10-01,2021-09-30
535,GENDER,Female,2021,PH,41,336,0.12,2020-10-01,2021-09-30
536,GENDER,Male,2021,PH,79,483,0.16,2020-10-01,2021-09-30
537,GENDER,No Single Gender,2021,PH,0,2,0.0,2020-10-01,2021-09-30
538,GENDER,Female,2021,SH,0,1,0.0,2020-10-01,2021-09-30
539,GENDER,Male,2021,SH,2,23,0.09,2020-10-01,2021-09-30
540,GENDER,Female,2021,SO,12,35,0.34,2020-10-01,2021-09-30
541,GENDER,Male,2021,So,12,30,0.4,2020-10-01,2021-09-30
542,GENDER,Female,2021,TH,8,119,0.07,2020-10-01,2021-09-30
543,GENDER,Male,2021,TH,11,107,0.1,2020-10-01,2021-09-30
544,VETERAN,No,2021,ES,207,935,0.22,2020-10-01,2021-09-30
545,VETERAN,Unknown,2021,ES,0,2,0.0,2020-10-01,2021-09-30
546,VETERAN,Yes,2021,ES,26,84,0.31,2020-10-01,2021-09-30
547,VETERAN,No,2021,PH,80,638,0.13,2020-10-01,2021-09-30
548,VETERAN,Unknown,2021,PH,0,2,0.0,2020-10-01,2021-09-30
549,VETERAN,Yes,2021,PH,40,181,0.22,2020-10-01,2021-09-30
550,VETERAN,Yes,2021,SH,2,24,0.08,2020-10-01,2021-09-30
551,VETERAN,No,2021,SO,23,58,0.4,2020-10-01,2021-09-30
552,VETERAN,Unknown,2021,SO,0,4,0.0,2020-10-01,2021-09-30
553,VETERAN,Yes,2021,SO,1,3,0.33,2020-10-01,2021-09-30
554,VETERAN,No,2021,TH,15,191,0.08,2020-10-01,2021-09-30
555,VETERAN,Unknown,2021,TH,0,1,0.0,2020-10-01,2021-09-30
556,VETERAN,Yes,2021,TH,4,34,0.12,2020-10-01,2021-09-30
557,AGE,Adult under 62,2021,ES,169,586,0.29,2020-10-01,2021-09-30
558,AGE,Children,2021,ES,30,293,0.1,2020-10-01,2021-09-30
559,AGE,Elder Adult,2021,ES,22,70,0.31,2020-10-01,2021-09-30
560,AGE,Young Adult,2021,ES,12,72,0.17,2020-10-01,2021-09-30
561,AGE,Adult under 62,2021,PH,75,440,0.17,2020-10-01,2021-09-30
562,AGE,Children,2021,PH,19,234,0.08,2020-10-01,2021-09-30
563,AGE,Elder Adult,2021,PH,12,87,0.14,2020-10-01,2021-09-30
564,AGE,Young Adult,2021,PH,14,60,0.23,2020-10-01,2021-09-30
565,AGE,Adult under 62,2021,SH,2,21,0.1,2020-10-01,2021-09-30
566,AGE,Elder Adult,2021,Sh,0,2,0.0,2020-10-01,2021-09-30
567,AGE,Young Adult,2021,SH,0,1,0.0,2020-10-01,2021-09-30
568,AGE,Adult under 62,2021,SO,9,27,0.33,2020-10-01,2021-09-30
569,AGE,Children,2021,SO,0,1,0.0,2020-10-01,2021-09-30
570,AGE,Elder Adult,2021,SO,1,4,0.25,2020-10-01,2021-09-30
571,AGE,Young Adult,2021,SO,14,33,0.42,2020-10-01,2021-09-30
572,AGE,Adult under 62,2021,TH,4,67,0.06,2020-10-01,2021-09-30
573,AGE,Children,2021,TH,3,113,0.03,2020-10-01,2021-09-30
574,AGE,Elder Adult,2021,TH,2,8,0.25,2020-10-01,2021-09-30
575,AGE,Unknown,2021,TH,0,1,0.0,2020-10-01,2021-09-30
576,AGE,Young Adult,2021,TH,10,37,0.27,2020-10-01,2021-09-30
577,DISABILITY,No,2021,ES,79,575,0.14,2020-10-01,2021-09-30
578,DISABILITY,Unknown,2021,ES,2,17,0.12,2020-10-01,2021-09-30
579,DISABILITY,Yes,2021,ES,152,429,0.35,2020-10-01,2021-09-30
580,DISABILITY,No,2021,PH,38,323,0.12,2020-10-01,2021-09-30
581,DISABILITY,Unknown,2021,PH,6,17,0.35,2020-10-01,2021-09-30
582,DISABILITY,Yes,2021,PH,76,481,0.16,2020-10-01,2021-09-30
583,DISABILITY,No,2021,SH,0,1,0.0,2020-10-01,2021-09-30
584,DISABILITY,Yes,2021,SH,2,23,0.09,2020-10-01,2021-09-30
585,DISABILITY,No,2021,SO,8,25,0.32,2020-10-01,2021-09-30
586,DISABILITY,Unknown,2021,SO,2,7,0.29,2020-10-01,2021-09-30
587,DISABILITY,Yes,2021,SO,14,33,0.42,2020-10-01,2021-09-30
588,DISABILITY,No,2021,TH,6,138,0.04,2020-10-01,2021-09-30
589,DISABILITY,Unknown,2021,TH,0,3,0.0,2020-10-01,2021-09-30
590,DISABILITY,Yes,2021,TH,13,85,0.15,2020-10-01,2021-09-30
